HP,BearingPre,Density,Noise,Recycle,Feed_TPH,RPM,Selected
continuous,continuous,continuous,continuous,continuous,continuous,continuous,discrete
,,,,,,,class
12852.0,757.3,72.0,5.66,56.4,1213.0,9.57,No
13326.0,760.7,80.8,1.78,303.0,2086.6,10.43,No
13605.0,775.5,78.0,1.09,404.8,1637.2,10.58,No
13189.0,752.7,78.7,5.21,294.0,1858.3,10.47,No
13758.0,756.2,79.9,1.5,262.1,1854.3,10.48,No
12468.0,743.3,79.5,16.8,138.3,1097.6,9.46,No
13405.0,757.0,73.5,3.23,66.2,1251.6,9.55,No
10829.0,741.2,69.2,4.75,125.6,977.5,8.02,No
13636.0,763.8,73.1,6.76,262.5,1771.6,10.36,No
13755.0,762.4,76.7,6.4,223.7,1678.6,10.51,No
13087.0,758.4,79.7,0.99,427.2,1918.0,10.45,No
13557.0,758.4,77.5,10.43,232.4,1660.0,10.52,No
12505.0,758.1,78.1,28.92,105.5,1802.3,9.09,No
13883.0,750.0,80.4,8.58,208.1,1286.8,10.47,No
12018.0,753.4,74.9,2.97,278.1,1928.5,10.45,No
13810.0,757.8,72.3,24.39,152.4,1325.3,10.48,No
13737.0,754.4,81.1,7.31,188.0,1949.9,10.26,No
13575.0,759.1,72.3,25.7,194.0,1503.0,10.46,No
13115.0,759.5,79.5,0.99,405.6,2021.8,10.46,No
13357.0,767.0,80.8,19.31,212.6,1431.8,9.86,No
8528.0,745.3,15.5,1.74,135.9,0.0,7.79,No
13607.0,758.3,79.4,2.77,360.3,1766.0,10.2,No
13386.0,769.2,81.0,19.25,217.0,1343.6,9.88,No
13670.0,758.0,79.7,1.39,266.3,1697.0,10.29,No
13779.0,761.6,77.5,17.97,208.5,1645.3,10.44,No
10816.0,748.2,78.8,2.14,111.0,1341.9,8.59,No
13990.0,778.0,77.8,2.36,234.3,1659.4,10.44,No
12997.0,752.4,81.7,7.66,89.0,1337.9,9.72,No
13591.0,765.8,78.6,0.92,415.5,1957.4,10.46,No
13694.0,753.5,80.4,3.61,240.9,1961.3,10.52,No
13755.0,764.5,71.3,25.9,159.0,1303.6,10.55,No
13559.0,749.6,69.9,10.82,296.6,955.0,9.87,No
13666.0,768.6,75.5,2.58,389.1,1801.2,10.49,No
12887.0,749.7,80.1,47.3,114.4,1263.4,9.84,No
13988.0,763.9,76.1,7.21,231.5,1717.0,10.52,No
12713.0,750.5,69.5,3.32,139.3,1035.4,9.31,No
13819.0,757.5,75.7,6.88,223.9,1738.0,10.46,No
12669.0,766.2,79.1,25.4,125.8,1829.7,9.29,No
13287.0,752.7,73.6,3.98,273.6,1568.9,10.38,No
13763.0,753.3,80.1,3.5,222.5,1915.5,10.54,No
13775.0,770.8,75.7,19.24,219.6,1469.2,10.5,No
13357.0,767.4,79.2,37.97,220.8,1844.2,9.98,No
13916.0,760.1,76.6,17.63,212.1,1739.2,10.44,No
12627.0,748.4,75.0,7.58,51.5,1256.5,9.19,No
13695.0,765.1,78.8,31.68,188.4,1602.5,10.57,No
13716.0,753.9,80.4,3.9,231.6,1895.9,10.52,No
13395.0,757.7,79.8,3.86,369.9,1827.2,10.49,No
12550.0,751.1,75.8,35.58,70.3,1860.8,9.19,No
13090.0,758.3,79.9,1.45,164.8,1961.6,9.77,No
13600.0,753.6,75.7,5.62,279.8,1497.8,10.52,No
13069.0,746.0,80.2,8.12,241.0,1147.3,10.07,No
13766.0,761.3,76.5,5.93,251.7,1724.1,10.46,No
12892.0,766.0,80.1,19.91,204.9,1919.5,9.36,No
13537.0,747.3,80.0,0.63,235.5,1689.1,10.57,No
13630.0,761.7,79.1,1.82,396.7,1884.5,10.44,No
13880.0,759.2,71.7,36.02,137.4,1195.1,10.5,No
13486.0,755.0,81.1,2.29,328.0,1920.8,10.47,No
13847.0,764.5,78.4,6.69,330.2,1797.7,10.49,No
13586.0,755.7,78.9,2.31,249.7,2052.0,10.45,No
12129.0,742.3,70.0,9.23,113.2,963.9,9.1,No
13522.0,757.5,74.4,0.79,280.0,1991.7,10.37,No
13350.0,761.7,79.1,44.38,142.6,1888.4,9.97,No
13352.0,757.0,77.6,6.84,278.8,1586.8,10.49,No
13640.0,766.4,76.4,26.45,223.8,1568.4,10.53,No
13742.0,765.2,79.2,12.27,286.9,1676.1,10.49,No
12096.0,741.0,70.0,14.99,73.9,936.8,8.9,No
13160.0,757.9,78.2,52.52,287.6,1898.8,9.87,No
13239.0,749.7,71.8,8.82,208.3,1637.6,10.57,No
13693.0,769.4,80.9,0.77,343.7,2144.4,10.59,No
13533.0,757.7,74.7,2.16,310.1,1930.0,10.4,No
13402.0,750.3,76.8,5.95,218.4,1707.5,10.34,No
13907.0,762.3,72.2,25.62,159.6,1231.7,10.52,No
13774.0,762.9,77.9,15.92,232.1,1617.5,10.48,No
13838.0,760.1,80.3,11.23,210.6,1359.7,10.57,No
13716.0,761.4,79.2,26.38,210.1,1560.1,10.57,No
13773.0,742.3,81.1,9.38,225.0,1321.9,10.35,No
13692.0,760.7,71.2,14.87,104.1,980.1,10.08,No
13812.0,758.2,80.5,5.17,287.8,1993.4,10.57,No
13779.0,759.9,75.9,30.96,182.5,1489.1,10.57,No
13713.0,767.3,78.0,1.72,358.8,1762.4,10.44,No
13828.0,765.3,80.8,1.83,324.7,1970.9,10.46,No
13577.0,758.2,73.6,22.96,193.8,1375.0,10.53,No
13672.0,759.1,76.9,10.83,276.8,1870.6,10.49,No
13649.0,750.1,73.9,9.56,221.1,1636.7,10.35,No
13517.0,755.9,77.0,41.31,166.9,1460.8,10.57,No
12393.0,758.9,76.1,39.69,48.7,1911.3,9.09,No
13793.0,766.3,78.1,1.72,327.2,1908.4,10.41,No
13667.0,756.0,79.6,8.17,253.2,1249.6,10.57,No
13996.0,769.9,76.6,9.31,175.1,1636.8,10.5,No
12816.0,748.2,80.2,1.95,356.2,2031.3,10.41,No
12608.0,757.7,80.9,1.73,251.5,1959.1,9.87,No
13714.0,755.9,77.9,3.88,246.4,1982.6,10.46,No
12812.0,740.1,79.8,10.69,73.9,1307.2,9.54,No
13655.0,760.1,76.4,2.17,343.0,1559.1,10.46,No
13251.0,749.7,78.8,1.28,320.9,1955.4,10.35,No
12795.0,747.6,73.5,2.1,85.6,1155.8,9.48,No
13919.0,761.1,80.9,7.42,275.5,1932.7,10.6,No
13325.0,765.8,80.7,1.93,299.9,1944.8,10.32,No
13431.0,757.6,79.9,4.16,365.7,1817.3,10.49,No
13246.0,755.5,78.5,1.34,269.5,1968.9,10.14,No
12227.0,738.8,75.4,2.27,55.0,1254.0,9.16,No
13621.0,761.1,80.6,2.01,331.1,1804.7,10.54,No
13461.0,755.0,77.3,10.06,265.7,1657.7,10.49,No
13634.0,759.1,78.8,9.5,315.4,1732.2,10.49,No
13652.0,753.0,79.3,2.72,303.8,1968.5,10.41,No
13610.0,767.3,77.3,1.99,370.7,1800.7,10.44,No
13938.0,764.3,78.0,5.83,253.1,1827.8,10.4,No
13965.0,753.5,80.7,7.85,193.1,1303.4,10.23,No
13826.0,763.9,70.5,23.96,157.7,1311.2,10.4,No
13551.0,763.2,77.1,1.23,417.5,1829.6,10.39,No
12945.0,746.9,80.5,2.33,137.1,1701.2,9.92,No
12170.0,754.7,70.3,1.79,204.8,1002.0,8.84,No
13355.0,754.8,80.2,2.74,344.5,1682.9,10.57,No
13642.0,789.8,79.4,38.17,310.6,1901.7,10.19,No
13912.0,769.4,71.5,8.4,312.4,1535.6,10.31,No
12544.0,752.5,79.4,43.73,55.7,1887.9,9.26,No
13436.0,758.9,74.3,21.27,213.3,1569.0,10.53,No
12566.0,753.9,79.9,38.09,76.9,1979.6,9.12,No
13302.0,761.9,70.7,8.34,140.7,949.6,10.31,No
13464.0,746.5,72.9,2.88,293.6,1281.3,10.13,No
13714.0,752.7,79.5,19.71,163.4,1058.6,10.57,No
12930.0,756.8,79.8,1.56,93.8,1651.2,9.78,No
13591.0,758.6,76.6,2.17,304.5,1811.9,10.46,No
13800.0,755.2,78.9,9.32,180.2,1870.9,10.52,No
13820.0,758.8,72.4,17.3,249.5,1512.7,10.54,No
13745.0,755.1,79.8,1.23,277.6,1763.8,10.32,No
13525.0,767.5,79.9,0.73,400.7,1999.6,10.59,No
13697.0,757.6,78.0,0.88,390.0,1577.0,10.37,No
13732.0,758.7,80.1,3.85,262.5,1862.2,10.52,No
14206.0,771.6,76.0,5.96,226.3,1763.1,10.54,No
12152.0,756.5,81.1,1.61,273.4,2028.9,9.64,No
13663.0,761.3,77.9,3.76,324.7,1846.1,10.22,No
13609.0,764.8,78.8,0.96,357.4,2008.4,10.46,No
12749.0,759.5,76.3,28.4,116.9,1895.8,9.17,No
13783.0,756.9,80.0,2.25,241.5,1694.5,10.57,No
13379.0,760.2,79.1,0.92,401.2,1928.5,10.46,No
12398.0,753.4,73.6,47.05,93.1,1070.5,9.2,No
11981.0,757.1,81.0,35.97,106.6,1434.6,9.19,No
12856.0,764.3,79.1,22.0,145.6,1928.3,9.21,No
12667.0,742.6,79.4,9.47,173.6,1086.8,9.78,No
13738.0,764.3,77.5,4.71,281.6,1721.3,10.24,No
12765.0,753.1,80.3,4.41,181.8,1135.6,9.39,No
12591.0,745.5,76.8,3.05,313.1,1799.2,10.47,No
13214.0,762.1,81.0,1.54,222.8,2036.9,10.02,No
13741.0,763.6,80.6,2.93,315.2,1812.8,10.52,No
13671.0,760.6,77.8,3.92,313.7,1732.2,10.22,No
13202.0,747.5,69.8,12.23,114.4,961.1,9.68,No
13574.0,762.1,79.2,15.69,262.1,1744.8,10.57,No
13790.0,756.5,79.4,7.29,279.3,2043.1,10.61,No
13424.0,756.5,75.3,2.76,293.2,2063.4,10.54,No
13376.0,758.4,77.2,34.97,192.1,1542.4,10.57,No
13647.0,753.7,79.6,1.68,259.9,1741.2,10.57,No
13705.0,763.8,78.1,4.1,267.1,2024.3,10.52,No
13575.0,773.3,79.3,47.06,287.2,1893.7,10.19,No
13348.0,761.7,78.7,42.0,141.8,1956.1,9.85,No
13454.0,756.9,73.0,11.32,180.8,1609.2,10.57,No
11890.0,774.5,80.6,24.52,145.2,1401.8,9.09,No
13548.0,758.7,80.2,5.03,354.1,1803.5,10.48,No
12704.0,758.5,78.0,26.28,108.1,1842.6,9.11,No
13406.0,759.0,77.2,35.49,185.8,1562.8,10.57,No
12956.0,751.2,77.3,7.87,130.5,988.9,9.58,No
13746.0,752.3,80.9,7.5,176.1,2035.0,10.25,No
13899.0,765.0,78.0,1.57,332.8,1685.1,10.44,No
13234.0,750.8,80.0,54.65,182.9,1251.8,10.3,No
12225.0,736.1,70.0,14.88,146.7,1011.0,9.28,No
13306.0,759.6,79.8,1.61,183.2,1862.7,10.04,No
12972.0,766.0,77.9,68.16,111.3,994.5,9.38,No
12993.0,763.2,80.3,29.13,132.0,2013.2,9.37,No
12795.0,744.6,80.1,1.64,159.1,1718.4,9.95,No
13670.0,762.0,80.4,8.47,305.4,1707.6,10.49,No
13364.0,754.5,80.2,1.71,334.0,1699.0,10.57,No
13628.0,761.7,79.8,6.44,308.2,1968.9,10.52,No
13430.0,761.8,78.8,53.9,188.3,1893.1,10.09,No
12141.0,750.6,79.6,1.79,171.9,1957.3,9.55,No
11530.0,743.8,70.4,7.52,139.9,964.6,8.58,No
13803.0,774.8,72.9,9.45,219.1,1598.4,10.46,No
13894.0,758.9,78.8,5.71,243.2,1945.4,10.46,No
13441.0,757.3,81.2,1.41,248.8,2042.1,10.39,No
13059.0,758.7,69.9,58.65,208.2,1080.6,10.12,No
12885.0,762.6,79.8,19.87,190.6,1903.5,9.35,No
13805.0,759.4,78.9,11.41,271.6,1557.6,10.5,No
13901.0,759.0,76.5,21.92,207.2,1691.0,10.45,No
13819.0,770.4,75.8,10.26,247.8,1769.3,10.46,No
12966.0,741.1,74.9,6.96,233.0,1074.9,9.82,No
13867.0,762.3,75.6,6.43,224.5,1859.5,10.46,No
13707.0,752.2,79.4,18.34,150.7,1065.2,10.57,No
13360.0,765.8,80.8,18.73,215.6,1336.7,9.86,No
12060.0,759.3,80.9,34.49,103.1,1405.4,9.21,No
13845.0,770.2,78.8,1.88,363.2,1710.3,10.44,No
11242.0,766.6,78.2,1.7,338.6,1953.7,10.44,No
13698.0,762.6,78.0,11.05,265.6,1785.4,10.49,No
12655.0,752.5,80.9,10.26,113.3,1413.3,9.65,No
12751.0,744.2,70.0,12.13,109.4,941.5,9.59,No
13587.0,761.3,80.0,1.51,182.3,1670.6,9.95,No
13615.0,763.6,80.2,3.89,394.9,1977.8,10.42,No
13696.0,756.6,80.4,1.75,262.4,1977.6,10.52,No
13779.0,762.0,70.2,25.34,148.2,1291.6,10.5,No
13519.0,761.2,71.9,9.77,90.7,1166.0,9.59,No
13829.0,765.0,71.7,23.73,163.8,1371.8,10.39,No
13609.0,754.1,80.1,4.18,247.6,1962.0,10.52,No
13907.0,763.9,72.1,26.1,156.6,1190.3,10.52,No
13742.0,763.4,80.4,4.59,258.5,1937.9,10.39,No
13746.0,763.5,78.1,22.95,230.9,1608.9,10.53,No
13706.0,755.3,72.2,21.67,242.9,1587.7,10.44,No
13386.0,750.4,74.1,6.11,221.3,1587.0,10.33,No
13882.0,767.5,78.3,17.68,281.9,1619.5,10.57,No
13191.0,763.1,78.7,28.59,162.8,1807.2,9.56,No
13066.0,748.8,77.8,1.77,276.7,1734.1,10.21,No
13250.0,752.5,72.1,6.84,220.8,1308.7,10.35,No
12028.0,750.5,81.1,37.68,94.9,1392.8,9.26,No
13732.0,757.0,79.9,3.82,266.2,1894.0,10.51,No
13637.0,762.2,76.2,3.22,327.8,1635.8,10.36,No
13867.0,766.0,71.2,28.38,149.3,1290.8,10.56,No
13625.0,753.1,79.4,4.31,223.6,2041.9,10.52,No
13641.0,761.8,76.1,4.69,346.5,1630.1,10.36,No
13330.0,761.8,80.9,4.71,167.7,1339.7,9.86,No
12584.0,760.9,79.4,33.02,83.9,1961.9,9.11,No
13780.0,759.3,76.8,3.8,311.1,1562.1,10.48,No
13287.0,753.6,74.7,2.18,308.9,1979.8,10.46,No
13780.0,762.5,76.8,16.23,283.3,1943.6,10.4,No
13715.0,752.5,78.7,20.0,153.0,1064.8,10.57,No
13597.0,761.2,76.7,38.59,175.2,1443.0,10.57,No
13678.0,749.7,80.3,11.99,190.7,1223.0,10.57,No
13723.0,751.7,79.2,18.98,146.5,1100.4,10.57,No
13773.0,752.4,80.0,11.33,210.2,1241.0,10.57,No
13656.0,758.8,77.9,11.65,275.4,1753.8,10.54,No
13539.0,757.0,77.1,31.66,176.3,1479.2,10.57,No
13746.0,758.9,72.6,24.91,204.2,1480.6,10.52,No
13261.0,757.9,79.4,1.15,262.6,1895.2,10.38,No
12560.0,757.5,79.0,35.07,70.2,1878.1,9.0,No
13646.0,762.6,79.7,4.31,305.1,2012.0,10.48,No
13778.0,770.9,78.7,8.84,271.4,1487.0,10.53,No
13556.0,758.5,77.5,10.73,226.1,1660.1,10.52,No
13857.0,761.1,72.5,26.98,149.4,1292.2,10.54,No
13625.0,760.2,76.5,12.47,259.4,1833.6,10.47,No
13275.0,756.4,71.9,37.51,181.9,1287.1,10.52,No
13746.0,755.6,80.4,9.34,241.4,1312.2,10.57,No
13556.0,748.5,76.7,7.25,179.9,1944.8,10.52,No
13811.0,763.1,71.5,24.78,149.0,1328.2,10.4,No
13857.0,761.8,80.3,2.57,317.5,1938.0,10.39,No
13033.0,759.2,81.2,3.06,214.6,1123.0,9.65,No
11216.0,743.8,80.3,2.84,176.1,1217.3,9.22,No
13614.0,759.2,79.5,6.29,288.9,2010.2,10.49,No
13678.0,760.4,76.8,2.93,293.9,1812.2,10.38,No
12878.0,754.7,78.8,36.73,112.6,1847.4,9.4,No
13771.0,750.6,80.0,15.25,170.8,1155.2,10.57,No
13781.0,752.4,80.0,23.36,250.6,1003.8,10.31,No
13515.0,759.2,77.0,1.8,378.0,1881.7,10.4,No
13282.0,757.3,79.6,1.55,171.7,1934.9,10.0,No
13765.0,766.0,79.8,1.94,201.6,2014.1,10.53,No
12860.0,744.2,80.4,10.99,75.0,1303.9,9.68,No
13739.0,753.0,80.3,10.87,223.4,1199.9,10.57,No
13644.0,758.0,80.5,2.17,325.5,1808.2,10.54,No
13030.0,758.3,80.2,1.61,213.2,1772.8,9.77,No
13595.0,752.4,79.9,2.92,225.8,2000.4,10.52,No
12415.0,745.8,72.1,5.91,47.1,1228.4,9.22,No
13899.0,768.6,80.5,1.69,344.2,1993.3,10.42,No
13577.0,753.3,73.6,26.85,163.4,1456.6,10.51,No
13724.0,753.2,80.1,14.5,197.0,1115.6,10.57,No
13698.0,755.6,78.4,15.72,198.7,1385.0,10.57,No
13811.0,762.2,78.1,2.49,262.7,1921.6,10.44,No
13958.0,759.1,78.4,10.65,213.0,1095.4,10.26,No
13887.0,761.5,71.2,24.7,140.1,1201.9,10.52,No
13827.0,770.4,77.8,8.3,320.2,1982.8,10.53,No
13770.0,769.0,80.9,58.22,312.3,2078.7,10.42,No
13112.0,768.5,73.1,34.59,114.9,1875.4,9.43,No
13023.0,752.6,77.2,56.06,152.5,1337.8,10.11,No
13693.0,760.1,79.2,1.51,266.4,2036.0,10.46,No
13876.0,760.9,78.5,1.5,253.3,1861.6,10.44,No
10399.0,743.9,69.9,1.97,142.0,1025.6,8.05,No
13855.0,755.7,80.5,5.17,257.2,2013.9,10.55,No
10794.0,745.7,78.8,2.14,104.4,1349.5,8.59,No
12001.0,771.9,80.9,17.95,152.0,1386.4,9.09,No
13682.0,763.3,80.1,4.37,331.8,1931.1,10.49,No
13805.0,762.3,79.0,4.29,261.4,1900.2,10.54,No
13763.0,762.0,79.2,30.57,204.0,1568.1,10.57,No
13885.0,763.0,70.6,26.57,145.9,1381.9,10.56,No
13229.0,750.2,80.0,1.49,210.6,1821.0,9.95,No
13418.0,758.2,75.5,2.38,306.8,1706.7,10.57,No
13442.0,753.5,79.3,7.21,208.2,992.8,9.89,No
13805.0,758.3,72.4,25.2,152.6,1320.7,10.48,No
12924.0,748.3,69.8,9.79,110.4,934.1,9.45,No
13627.0,762.4,78.6,32.46,188.5,1540.8,10.57,No
13742.0,761.6,70.9,24.95,149.6,1325.7,10.55,No
12684.0,765.5,71.8,28.49,109.6,1924.5,9.44,No
13537.0,770.7,78.7,28.58,173.5,1812.2,9.9,No
13875.0,761.2,80.9,1.98,231.0,1859.3,10.46,No
13759.0,764.0,81.4,2.19,340.8,2028.2,10.46,No
13497.0,773.9,80.5,2.37,327.7,2028.5,10.24,No
13440.0,757.9,76.0,2.13,316.8,1699.9,10.57,No
11293.0,770.2,85.5,0.77,394.4,627.3,5.65,No
12974.0,748.3,79.6,40.96,140.7,1227.0,9.88,No
13677.0,762.3,77.5,1.64,356.2,1887.7,10.44,No
13315.0,764.4,80.8,61.16,154.4,1323.7,10.07,No
13766.0,759.7,76.0,38.49,174.8,1464.9,10.57,No
13586.0,756.2,79.2,1.52,265.0,2086.0,10.46,No
13903.0,759.8,80.9,4.27,297.4,1989.7,10.58,No
12726.0,758.2,80.4,1.75,275.3,1996.5,9.66,No
13751.0,765.6,79.5,4.88,272.8,2020.9,10.37,No
13707.0,750.3,79.9,16.97,168.1,1151.0,10.57,No
13514.0,750.9,81.1,8.95,169.0,1323.0,10.06,No
13180.0,748.0,79.9,1.44,193.9,1809.0,9.93,No
13626.0,748.4,79.8,1.9,238.2,1691.2,10.57,No
13248.0,757.5,80.5,1.63,187.0,1972.9,10.05,No
12367.0,746.8,79.9,1.39,260.8,1189.5,9.77,No
13814.0,770.6,77.8,7.68,298.8,1984.3,10.53,No
13836.0,763.8,70.4,23.84,156.9,1253.7,10.46,No
13637.0,761.2,71.6,21.55,182.9,1470.6,10.53,No
13597.0,772.8,77.1,1.97,406.1,1942.5,10.5,No
13726.0,766.6,70.7,27.73,175.3,1326.6,10.55,No
13902.0,764.5,81.2,3.38,248.5,1837.4,10.46,No
13272.0,762.0,80.9,20.5,200.0,1282.5,9.84,No
13824.0,756.2,79.5,2.56,298.5,1890.9,10.44,No
13060.0,753.9,79.6,47.12,106.9,1246.2,9.81,No
13517.0,759.9,78.7,0.96,329.7,2095.6,10.46,No
13622.0,757.0,79.0,11.87,237.6,1564.5,10.5,No
12900.0,748.3,81.0,52.41,114.8,1315.5,9.89,No
13811.0,759.8,71.6,23.29,148.5,1319.1,10.48,No
13714.0,762.1,77.7,1.63,352.7,1912.1,10.44,No
11999.0,757.1,79.1,39.67,51.5,1956.4,8.68,No
13800.0,764.5,80.8,1.7,319.3,2096.9,10.46,No
13474.0,758.0,79.8,1.76,367.6,1850.8,10.39,No
13626.0,754.4,77.4,2.83,285.1,2107.1,10.54,No
13385.0,755.7,72.0,24.66,195.6,1481.0,10.43,No
13725.0,751.6,79.5,16.95,163.4,1110.6,10.57,No
13450.0,759.7,76.9,23.36,232.4,1645.9,10.36,No
13863.0,755.2,81.3,6.09,197.2,2005.1,10.24,No
13689.0,750.8,70.7,31.15,155.3,1080.5,10.4,No
13756.0,753.1,80.6,9.1,165.3,2115.4,10.35,No
12860.0,752.6,71.6,1.42,96.6,1189.4,9.38,No
13728.0,755.9,79.5,2.1,316.6,1261.0,10.44,No
13215.0,749.6,74.8,1.8,246.9,1109.4,9.95,No
13681.0,749.6,79.5,13.54,188.8,1196.3,10.57,No
13557.0,760.7,79.6,3.88,319.4,2027.6,10.48,No
12884.0,756.7,72.0,1.7,63.0,1199.4,9.35,No
13736.0,759.9,71.3,24.41,181.2,1252.4,10.43,No
12734.0,753.9,80.1,4.65,174.9,1076.7,9.39,No
13743.0,759.8,79.5,4.03,264.2,1918.3,10.52,No
13571.0,754.2,78.9,24.23,183.4,1579.3,10.57,No
13719.0,769.9,75.8,20.39,213.0,1498.3,10.5,No
13861.0,764.5,71.3,23.71,162.6,1319.4,10.43,No
13862.0,766.8,71.1,28.97,144.6,1302.4,10.57,No
13950.0,780.9,77.9,2.0,351.9,1686.7,10.55,No
13133.0,746.5,75.1,27.1,168.6,1330.7,9.91,No
12840.0,756.4,73.0,63.01,130.2,1029.8,9.81,No
13872.0,768.2,81.3,1.86,307.0,1923.2,10.46,No
12988.0,750.5,80.4,37.47,146.4,1285.0,9.89,No
13705.0,757.9,80.3,5.07,263.8,1880.8,10.52,No
12663.0,759.0,74.9,35.67,72.5,1910.1,9.14,No
13536.0,766.7,79.8,1.01,442.8,1882.1,10.43,No
13754.0,772.0,79.5,0.98,348.5,1779.5,10.47,No
13570.0,753.1,80.0,1.51,245.2,2081.8,10.52,No
12458.0,733.6,80.3,64.85,139.0,1193.9,9.48,No
13963.0,759.4,71.7,19.76,220.3,1453.1,10.48,No
12983.0,765.5,81.3,1.97,289.1,1985.2,9.95,No
12304.0,739.7,72.2,4.77,52.5,1200.5,9.16,No
13166.0,757.4,72.6,4.7,72.1,1234.7,9.68,No
13268.0,768.5,74.0,61.13,162.0,1052.5,10.22,No
13464.0,762.5,78.0,37.12,182.9,1505.3,10.57,No
13649.0,763.9,76.3,1.26,397.3,1834.6,10.39,No
13683.0,751.5,79.5,2.94,284.6,1927.4,10.41,No
13231.0,747.6,80.0,1.44,166.8,1744.0,9.88,No
13790.0,760.7,72.2,22.83,163.8,1286.0,10.47,No
13906.0,766.5,77.9,10.04,266.6,1603.2,10.33,No
13048.0,749.2,81.5,10.73,116.1,1056.2,9.7,No
13759.0,762.8,71.1,25.56,150.9,1359.8,10.55,No
12351.0,742.2,72.3,5.61,47.1,1202.1,9.18,No
13030.0,752.5,80.0,1.38,273.5,1878.0,10.0,No
12664.0,743.7,78.3,8.59,179.6,1137.6,9.72,No
13720.0,763.4,77.5,14.66,285.3,1798.5,10.49,No
12043.0,735.3,69.6,18.29,118.3,955.4,9.06,No
13255.0,766.3,77.9,1.01,446.3,1902.5,10.43,No
13452.0,754.0,72.8,9.97,160.8,1691.1,10.57,No
13695.0,745.0,79.9,12.15,182.5,1281.2,10.57,No
13373.0,758.4,79.7,1.6,245.3,1868.8,10.28,No
13645.0,757.5,80.0,1.98,341.5,1903.1,10.44,No
13825.0,757.5,80.5,5.17,280.4,2003.6,10.57,No
13852.0,763.1,71.3,27.3,147.0,1300.8,10.56,No
13681.0,760.8,79.8,8.63,242.3,1955.1,10.41,No
13642.0,755.7,70.9,18.32,124.3,1216.2,10.36,No
13465.0,761.4,74.7,9.09,226.5,1527.4,10.57,No
13465.0,753.8,76.0,33.02,163.9,1419.7,10.57,No
13917.0,759.6,79.5,9.86,174.6,1836.1,10.28,No
13689.0,764.1,79.3,20.12,245.6,1675.7,10.57,No
12593.0,752.6,73.6,2.92,52.6,1202.0,9.18,No
13943.0,767.6,72.9,14.79,248.3,1684.2,10.34,No
13663.0,761.4,77.7,0.85,345.3,2091.2,10.56,No
13739.0,756.2,78.4,2.06,211.1,1805.0,10.44,No
13798.0,769.0,74.5,9.06,249.2,1880.6,10.41,No
13717.0,758.2,79.0,1.37,316.3,1892.1,10.46,No
12497.0,755.7,76.1,35.31,64.9,1925.2,9.18,No
13803.0,759.8,70.5,25.98,151.8,1213.8,10.36,No
13558.0,753.8,80.0,1.9,268.2,1684.2,10.57,No
13582.0,761.8,79.5,6.37,300.0,1803.9,10.49,No
11524.0,760.9,78.2,1.72,367.6,2060.2,10.44,No
11995.0,757.1,80.7,34.98,102.9,1442.7,9.2,No
13350.0,755.5,80.3,1.86,182.6,1942.9,10.18,No
13492.0,750.1,80.2,12.34,184.0,1109.5,10.06,No
13273.0,743.2,79.2,7.55,230.0,1259.1,10.24,No
13659.0,749.0,80.5,11.93,199.2,1176.6,10.57,No
13734.0,755.5,80.7,0.99,250.9,1874.1,10.44,No
13672.0,762.1,71.9,25.03,200.5,1409.2,10.52,No
11788.0,754.0,81.8,2.15,171.7,1354.9,9.03,No
13752.0,752.9,79.0,17.64,163.3,1055.5,10.57,No
13676.0,752.3,80.8,5.63,187.4,1963.0,10.25,No
13548.0,764.6,81.5,2.23,396.2,1732.1,10.55,No
13556.0,762.3,79.7,4.8,300.8,1936.2,10.49,No
12270.0,754.5,69.9,3.85,112.9,985.3,9.12,No
13746.0,762.8,76.6,13.52,246.2,1657.0,10.37,No
13708.0,766.5,78.0,1.78,367.6,1766.0,10.44,No
11398.0,749.3,79.2,2.14,175.5,1381.0,8.98,No
13993.0,768.1,76.2,9.47,185.1,1660.0,10.5,No
13446.0,763.2,80.8,1.75,313.9,2141.3,10.43,No
13607.0,762.8,75.9,4.01,386.0,1640.6,10.39,No
13610.0,755.2,77.0,42.01,164.4,1334.5,10.57,No
13900.0,757.9,80.2,9.93,191.8,1785.8,10.52,No
13757.0,750.5,80.0,15.7,140.7,1246.7,10.57,No
13627.0,772.1,77.4,1.97,400.9,1982.5,10.49,No
13811.0,761.9,81.0,2.23,320.2,1938.9,10.46,No
12995.0,745.5,79.6,1.49,185.1,1790.4,9.9,No
13888.0,760.6,80.9,1.98,229.0,1819.1,10.46,No
12979.0,754.5,69.9,58.26,201.9,1149.2,10.22,No
13594.0,760.3,78.6,1.88,355.4,1773.4,10.21,No
13319.0,768.1,79.3,30.55,203.2,1854.9,10.01,No
13223.0,754.8,78.1,1.34,277.8,1966.9,10.14,No
12546.0,749.5,76.3,3.12,369.9,1679.2,10.52,No
13256.0,740.9,81.5,12.98,128.6,1290.4,9.97,No
13119.0,755.9,80.3,4.66,222.3,1226.4,9.84,No
13845.0,757.2,79.5,3.29,293.7,1886.8,10.44,No
13879.0,756.3,81.0,7.37,203.5,1896.1,10.32,No
13702.0,757.4,78.4,0.81,397.6,1717.0,10.48,No
13336.0,757.2,71.8,9.14,197.4,1562.9,10.34,No
13981.0,764.2,78.9,4.25,210.9,2029.7,10.47,No
13702.0,759.7,79.3,1.51,257.7,2092.9,10.46,No
13321.0,741.5,81.2,10.93,96.4,1348.9,9.93,No
13495.0,764.0,71.6,7.57,402.6,1421.2,10.63,No
10642.0,741.4,72.0,22.95,68.7,1314.9,7.79,No
13731.0,759.5,80.0,7.01,350.1,1860.1,10.38,No
13792.0,752.7,79.3,12.07,176.3,1291.3,10.57,No
13632.0,762.5,79.1,1.34,276.4,1881.2,10.29,No
13640.0,760.7,71.6,21.27,182.9,1442.5,10.53,No
13817.0,753.8,79.7,5.96,180.6,1858.6,10.52,No
13670.0,750.0,80.0,12.08,199.0,1193.2,10.57,No
13813.0,761.5,72.1,22.4,175.5,1400.4,10.53,No
13217.0,756.0,79.8,1.58,171.2,1956.2,10.06,No
13156.0,744.3,78.1,11.05,295.0,1511.7,10.46,No
13826.0,753.8,69.7,21.88,139.0,1485.3,10.5,No
13428.0,759.1,76.4,2.24,297.8,1687.3,10.57,No
13755.0,752.9,80.0,15.49,162.8,1091.2,10.57,No
7202.0,776.7,0.6,1.36,44.6,500.1,6.45,No
12977.0,770.0,78.7,22.2,147.8,1879.5,9.72,No
13411.0,764.8,70.3,13.11,192.6,1320.2,10.57,No
12368.0,743.1,69.6,9.01,132.4,963.9,9.09,No
13482.0,754.9,77.8,0.92,376.9,1637.8,10.25,No
13424.0,756.0,79.8,1.69,318.5,2040.7,10.37,No
13722.0,744.9,80.0,12.3,186.5,1256.2,10.57,No
13410.0,747.6,80.0,0.77,265.6,1702.8,10.57,No
12859.0,747.3,69.6,11.76,107.1,955.6,9.5,No
13877.0,758.7,79.3,4.24,281.5,1889.1,10.44,No
12756.0,755.0,71.4,1.97,55.0,1180.6,9.32,No
12657.0,759.0,75.4,1.81,232.2,1853.4,10.46,No
13509.0,759.5,75.3,8.12,239.9,1511.5,10.57,No
13779.0,762.1,76.6,11.81,248.8,1740.0,10.38,No
13895.0,762.6,81.2,3.45,312.0,1925.9,10.46,No
11257.0,696.9,24.7,18.38,167.6,0.1,10.57,No
13863.0,765.1,78.0,25.03,206.0,1508.5,10.57,No
13106.0,764.6,77.5,45.65,100.4,1084.7,10.13,No
12432.0,750.6,80.1,1.83,124.2,1903.4,9.63,No
13858.0,764.7,78.3,15.06,240.5,1715.0,10.46,No
13374.0,757.8,79.0,36.84,140.1,1894.7,9.82,No
13312.0,765.0,76.2,35.85,188.5,1523.7,10.57,No
13878.0,767.2,71.3,28.97,151.7,1274.7,10.55,No
12508.0,763.4,80.1,62.19,87.7,1299.2,9.2,No
14009.0,777.3,78.7,2.21,312.7,1906.7,10.46,No
13516.0,741.7,79.6,19.28,204.9,1088.9,10.39,No
13766.0,773.4,73.8,13.07,218.1,1444.5,10.43,No
13259.0,756.3,72.4,1.01,298.8,1207.6,10.11,No
13815.0,750.5,80.1,19.26,159.2,1184.6,10.57,No
13846.0,759.4,80.0,7.99,257.8,1456.7,10.57,No
13768.0,771.5,70.8,27.84,175.2,1228.1,10.55,No
13808.0,751.7,80.3,9.74,164.0,2092.7,10.35,No
11989.0,773.3,80.8,21.26,145.5,1445.7,9.09,No
13870.0,764.8,77.8,9.91,241.7,1627.3,10.5,No
13944.0,759.4,81.0,3.73,270.7,2021.4,10.58,No
13758.0,754.4,80.7,7.06,186.2,1959.3,10.27,No
13337.0,754.7,80.8,1.9,309.1,2068.4,10.42,No
13658.0,762.2,70.6,4.57,290.0,1179.4,10.4,No
13312.0,751.4,79.4,10.54,152.5,1133.5,9.9,No
13074.0,755.6,79.8,4.82,216.3,1167.5,9.84,No
13621.0,758.7,77.8,2.06,415.5,1583.3,10.44,No
12716.0,736.5,71.1,7.77,213.5,992.7,10.41,No
12849.0,754.8,79.3,4.37,218.3,1071.0,9.63,No
13919.0,764.5,75.9,20.37,183.9,1736.8,10.42,No
13517.0,759.9,76.8,37.86,176.6,1494.4,10.57,No
13827.0,764.7,81.2,1.35,360.3,1829.8,10.42,No
13474.0,758.0,71.5,33.87,191.2,1517.4,10.57,No
13517.0,763.3,80.5,3.48,405.8,1970.8,10.41,No
13075.0,742.2,80.2,11.96,256.1,1093.1,10.26,No
11667.0,750.2,79.9,2.47,238.8,1224.0,9.22,No
13435.0,761.4,81.5,0.94,315.5,2144.5,10.46,No
12887.0,764.5,79.1,22.21,161.6,1922.2,9.74,No
13495.0,758.5,73.6,12.39,192.4,1575.9,10.57,No
13733.0,761.7,80.1,3.34,301.6,1824.7,10.3,No
14051.0,760.6,77.1,19.69,168.7,1930.1,10.41,No
13518.0,758.5,79.5,6.44,125.8,1991.4,10.14,No
13607.0,759.5,79.3,22.21,219.2,1664.2,10.57,No
13410.0,760.3,78.7,51.46,133.5,1839.3,9.95,No
13796.0,764.5,78.9,15.16,236.8,1639.3,10.46,No
13821.0,761.7,80.0,3.79,307.8,1896.6,10.41,No
13529.0,757.3,74.1,34.41,186.5,1495.7,10.57,No
13626.0,755.0,79.1,11.34,236.4,1626.8,10.5,No
13855.0,768.8,76.8,4.91,295.4,1582.9,10.47,No
13704.0,749.6,79.4,14.0,160.3,1280.1,10.57,No
13696.0,756.9,79.8,4.57,251.8,1981.8,10.52,No
13795.0,772.9,78.0,1.26,354.4,1922.7,10.46,No
13695.0,752.2,80.1,7.6,174.8,1956.3,10.28,No
13178.0,753.0,78.7,5.21,292.0,1904.1,10.47,No
13530.0,756.2,77.9,8.04,254.2,1758.4,10.52,No
13567.0,747.5,79.9,2.18,226.6,1731.9,10.57,No
12524.0,763.8,77.5,19.49,204.0,2442.5,9.51,No
13586.0,782.3,79.0,58.59,281.7,1873.2,10.36,No
13647.0,754.4,79.9,4.2,271.6,1823.5,10.52,No
13820.0,759.5,72.5,21.46,218.3,1399.0,10.52,No
9950.0,685.6,21.9,27.01,146.3,0.1,10.57,No
13463.0,773.7,80.6,19.71,206.0,1430.8,9.93,No
13561.0,776.0,70.0,107.67,166.5,1099.6,10.34,No
13881.0,759.5,72.3,25.45,138.2,1285.1,10.52,No
12896.0,748.1,79.2,2.14,132.4,1124.8,9.61,No
13808.0,758.1,72.0,22.47,196.8,1551.1,10.45,No
13368.0,751.1,78.2,1.27,308.7,1940.8,10.34,No
13862.0,759.3,72.3,24.91,141.9,1282.8,10.52,No
13662.0,756.9,72.1,19.51,213.4,1561.2,10.42,No
13680.0,760.1,76.9,33.21,178.3,1450.5,10.57,No
13942.0,764.7,78.0,0.77,369.0,1025.7,10.46,No
13249.0,742.1,79.2,15.94,191.4,1109.7,10.25,No
13105.0,761.2,81.1,8.14,148.6,1331.6,9.78,No
12513.0,775.4,76.3,28.67,97.7,2238.3,9.2,No
13776.0,762.8,79.8,7.29,227.2,1436.8,10.57,No
12441.0,752.6,78.9,5.2,117.1,1131.6,9.2,No
13745.0,761.1,80.8,2.61,310.9,1895.9,10.53,No
13827.0,763.2,79.9,8.41,245.8,1829.2,10.52,No
13880.0,759.3,72.0,27.81,190.6,1499.9,10.52,No
12750.0,762.8,76.2,43.2,50.6,1883.8,9.16,No
13160.0,752.8,73.0,0.83,267.9,1180.3,10.23,No
13707.0,752.2,76.9,5.81,281.5,1805.6,10.49,No
13233.0,746.7,80.0,1.44,160.4,1710.7,9.88,No
13435.0,772.5,79.0,33.08,224.0,1856.7,9.98,No
13906.0,762.4,72.1,25.39,156.2,1261.1,10.52,No
13116.0,770.2,78.7,17.89,237.2,1930.7,9.67,No
12908.0,762.5,80.6,2.1,175.6,1346.9,9.63,No
13209.0,756.0,78.3,5.61,269.3,1713.1,10.48,No
13812.0,765.7,70.3,24.37,153.8,1318.4,10.4,No
13568.0,760.3,78.7,22.64,218.5,1619.0,10.57,No
13912.0,759.1,76.7,17.01,210.2,1763.3,10.43,No
13594.0,767.9,79.2,0.91,440.9,1950.7,10.46,No
13740.0,752.8,79.4,9.13,178.2,1942.1,10.28,No
13835.0,775.3,78.1,0.97,409.0,1961.7,10.57,No
13739.0,764.5,80.6,2.84,316.9,1838.8,10.52,No
13876.0,761.9,71.9,28.67,142.5,1299.9,10.54,No
13653.0,759.9,75.5,3.55,278.8,2034.8,10.55,No
13540.0,758.0,73.9,12.82,198.5,1614.1,10.57,No
13820.0,756.1,72.2,29.39,200.1,1539.0,10.52,No
13881.0,754.2,76.6,13.3,306.3,1454.3,10.52,No
11797.0,763.9,78.3,1.69,291.3,1954.5,10.44,No
13479.0,753.1,80.0,1.86,295.9,1705.2,10.57,No
13770.0,753.2,79.7,16.0,162.7,1169.1,10.57,No
13920.0,766.9,76.6,6.78,199.9,1758.0,10.5,No
13824.0,760.4,77.8,2.76,241.8,1919.6,10.44,No
13074.0,766.0,68.8,1.83,217.7,1332.5,10.47,No
12875.0,755.6,78.8,36.63,101.0,1890.7,9.36,No
11678.0,754.7,81.0,37.14,120.2,1295.3,9.15,No
14050.0,782.7,76.6,11.7,113.3,1268.9,10.33,No
13519.0,746.3,80.1,0.76,235.4,1689.0,10.57,No
13705.0,748.9,80.3,11.01,203.9,1385.7,10.57,No
13053.0,750.7,72.0,9.69,206.8,1527.3,10.57,No
13786.0,763.9,76.9,24.26,200.8,1513.8,10.46,No
13774.0,749.7,80.3,11.98,201.8,1184.9,10.57,No
13941.0,763.6,80.7,2.35,261.9,1813.2,10.46,No
13835.0,763.1,71.8,24.04,161.8,1252.6,10.46,No
13684.0,766.9,79.0,2.15,406.1,1635.6,10.46,No
12607.0,742.2,79.1,2.15,329.4,1806.2,10.03,No
13780.0,755.9,79.9,1.5,263.0,1842.4,10.49,No
13792.0,766.5,81.6,57.62,286.6,2152.4,10.3,No
13629.0,747.6,79.8,1.77,241.2,1702.6,10.57,No
13165.0,756.7,79.5,46.64,106.1,1252.5,9.79,No
13511.0,762.6,79.0,13.69,284.2,1743.8,10.57,No
13357.0,758.8,72.1,33.52,186.3,1393.1,10.52,No
13777.0,752.8,79.8,21.34,163.1,1092.4,10.57,No
13421.0,755.8,79.9,1.59,224.4,1922.6,10.14,No
13628.0,756.1,79.8,1.23,326.7,1894.5,10.47,No
12793.0,778.1,81.3,8.91,205.9,1453.8,9.29,No
11974.0,740.2,81.1,50.01,126.6,1312.8,9.48,No
13827.0,760.8,69.2,25.75,139.4,1299.0,10.5,No
13084.0,769.1,79.7,16.74,222.5,1876.5,9.59,No
13417.0,760.9,78.6,55.0,139.2,1848.3,10.02,No
13648.0,761.8,77.2,33.01,192.5,1428.3,10.57,No
13397.0,751.8,74.1,8.95,203.5,1687.0,10.34,No
13060.0,767.6,79.9,16.39,221.4,1915.1,9.56,No
13577.0,755.9,79.8,1.46,261.1,2098.1,10.52,No
13641.0,758.1,73.0,3.06,260.6,1808.7,10.35,No
12928.0,754.8,78.8,4.32,213.0,1100.0,9.65,No
12522.0,734.6,79.4,62.13,141.6,1083.9,9.66,No
13243.0,749.6,71.6,6.21,194.6,1540.2,10.37,No
13831.0,758.4,78.9,11.47,245.8,1547.4,10.51,No
13242.0,748.9,72.0,6.73,204.7,1451.3,10.35,No
13616.0,756.1,79.8,0.72,328.7,1924.7,10.47,No
13892.0,758.9,81.1,6.94,283.1,2012.7,10.62,No
13614.0,761.4,76.2,2.81,333.5,1661.0,10.36,No
13685.0,745.0,80.4,13.11,194.3,1316.9,10.57,No
13389.0,757.1,79.8,1.71,333.4,1987.6,10.37,No
13787.0,748.0,80.0,10.16,178.9,1420.5,10.57,No
13296.0,756.2,79.9,1.56,147.8,1952.9,10.03,No
13739.0,764.8,75.3,3.58,307.3,2366.9,10.52,No
13795.0,753.4,79.7,13.42,180.4,1178.0,10.57,No
13861.0,764.0,71.2,27.25,152.4,1335.5,10.56,No
13757.0,756.3,72.2,23.05,217.5,1619.5,10.44,No
13678.0,763.7,78.9,2.01,392.2,1869.0,10.44,No
12965.0,755.2,80.0,1.5,164.1,1910.8,9.89,No
13147.0,762.0,79.8,29.54,134.9,1989.1,9.56,No
13709.0,756.1,80.2,1.78,252.3,1977.7,10.52,No
13560.0,753.8,76.3,2.17,287.4,1806.8,10.46,No
13398.0,756.9,72.3,36.32,175.0,1305.7,10.52,No
13428.0,755.9,79.8,1.69,322.4,2015.5,10.37,No
13822.0,759.5,80.2,9.84,209.6,1376.5,10.57,No
11810.0,734.6,69.3,18.16,115.5,979.9,8.58,No
12879.0,754.0,79.3,4.26,217.7,1087.8,9.64,No
13785.0,753.9,70.7,30.15,147.1,1009.2,10.36,No
8528.0,721.4,80.2,26.65,58.5,1297.7,7.23,No
13894.0,761.4,72.0,27.5,191.7,1486.4,10.52,No
13853.0,768.1,71.3,17.32,266.5,1624.8,10.42,No
13512.0,746.4,80.2,0.78,230.9,1669.2,10.57,No
13815.0,767.8,71.2,27.65,158.5,1291.3,10.5,No
13398.0,755.8,80.0,2.59,351.2,1723.1,10.57,No
13398.0,754.0,80.0,6.05,168.2,1134.1,9.85,No
13934.0,768.7,79.2,4.9,269.3,2003.7,10.36,No
13627.0,760.8,79.5,5.92,287.1,1923.2,10.49,No
13467.0,748.0,80.4,0.58,262.6,1714.1,10.57,No
13863.0,764.9,76.8,18.34,201.7,1653.6,10.44,No
13547.0,761.6,79.5,5.44,322.4,1740.3,10.49,No
13694.0,767.5,78.6,49.79,224.2,2177.3,10.18,No
12330.0,744.3,79.0,8.08,206.5,1114.3,9.48,No
13794.0,751.3,79.5,21.12,155.4,1114.4,10.57,No
11267.0,761.9,81.1,28.89,101.3,1334.9,8.39,No
13820.0,764.5,78.2,14.99,245.4,1647.1,10.47,No
13354.0,770.1,79.3,29.88,180.1,1836.3,10.02,No
13793.0,751.8,79.9,21.34,162.6,1093.1,10.57,No
13485.0,758.8,79.6,1.51,210.5,1704.1,9.97,No
13008.0,746.0,79.8,1.52,136.6,1675.0,9.87,No
12373.0,757.9,81.0,37.03,114.6,1363.5,9.42,No
13755.0,763.4,80.8,1.81,327.6,2095.5,10.46,No
13657.0,751.0,80.2,12.05,206.9,1176.1,10.57,No
13383.0,755.7,79.8,1.7,327.6,2030.8,10.37,No
12656.0,751.6,74.0,3.99,46.4,1158.6,9.33,No
13794.0,750.3,79.8,12.94,175.1,1300.5,10.57,No
13888.0,758.3,80.8,6.73,221.7,1897.9,10.32,No
13573.0,759.3,79.1,1.82,235.3,1969.2,10.01,No
12769.0,736.0,79.1,60.41,159.4,1111.2,9.85,No
12963.0,751.4,80.1,1.33,266.1,1929.9,10.06,No
13791.0,750.1,80.2,20.45,161.8,1089.6,10.57,No
13876.0,761.3,80.5,1.84,296.8,1890.2,10.46,No
13551.0,761.0,79.8,1.51,207.1,1808.5,9.96,No
13717.0,750.4,80.2,10.34,226.7,1251.0,10.57,No
12839.0,746.3,70.2,8.34,138.5,999.7,9.4,No
13563.0,768.9,76.1,5.04,317.1,1994.7,10.54,No
13511.0,772.0,79.1,33.88,251.8,1893.2,10.19,No
10472.0,727.6,80.9,40.32,154.3,1282.4,8.61,No
13786.0,779.3,77.8,1.08,406.0,1506.5,10.58,No
13675.0,755.9,75.2,22.72,145.8,1437.1,10.49,No
13668.0,752.8,80.4,3.53,239.2,1688.1,10.57,No
12701.0,749.5,80.9,11.47,106.2,1377.2,9.61,No
13606.0,759.7,73.8,17.26,223.4,1514.4,10.54,No
13664.0,760.7,79.4,25.36,205.8,1550.1,10.57,No
13298.0,772.7,80.1,2.24,352.4,1970.5,10.16,No
12537.0,747.3,79.5,2.07,276.4,1166.0,9.87,No
13942.0,785.3,77.7,6.08,303.1,1575.6,10.38,No
13797.0,756.9,69.9,26.18,140.7,1318.3,10.51,No
13519.0,765.8,80.0,1.0,446.8,1870.5,10.44,No
13729.0,763.8,78.1,18.19,211.3,1610.4,10.45,No
13614.0,760.9,76.5,2.55,344.9,1599.7,10.36,No
13787.0,764.6,78.0,1.93,323.8,1858.7,10.44,No
13602.0,755.5,79.1,11.71,247.3,1568.1,10.5,No
13666.0,759.1,71.5,22.28,189.2,1369.4,10.53,No
13119.0,748.6,80.0,1.49,198.9,1806.6,9.93,No
13566.0,747.5,79.8,2.18,225.6,1693.2,10.57,No
13329.0,757.1,79.6,1.74,356.5,2064.7,10.39,No
13976.0,760.5,80.3,6.81,264.8,2043.8,10.6,No
13100.0,755.9,80.1,1.47,148.2,1918.2,9.84,No
13443.0,759.5,77.7,0.95,339.7,2050.9,10.46,No
13843.0,761.0,72.0,28.36,144.4,1289.9,10.54,No
13423.0,759.3,69.9,13.67,187.6,1389.0,10.57,No
13666.0,750.6,76.3,9.36,178.0,1843.9,10.52,No
12918.0,766.9,80.0,19.93,195.0,1914.7,9.37,No
13783.0,763.6,80.2,7.32,286.6,1925.0,10.49,No
13674.0,763.1,74.6,29.65,192.5,1578.7,10.57,No
13715.0,754.5,79.6,8.76,249.4,1381.1,10.57,No
13618.0,755.8,79.8,3.29,293.1,1902.2,10.51,No
13420.0,743.6,80.3,0.58,241.9,1673.5,10.57,No
13893.0,771.3,80.9,2.51,258.3,2134.8,10.37,No
13825.0,758.7,78.9,11.3,232.4,1570.2,10.51,No
13616.0,752.6,79.9,3.05,224.9,2015.2,10.52,No
13078.0,750.2,71.8,9.54,226.1,1489.8,10.57,No
13507.0,769.3,80.1,1.01,446.2,1902.5,10.43,No
13649.0,763.4,78.7,2.11,243.1,1811.8,10.46,No
13531.0,756.1,74.9,12.97,194.2,1659.9,10.57,No
13404.0,748.9,80.1,1.82,247.9,1966.0,10.52,No
13305.0,752.1,80.0,2.17,180.9,1913.0,10.14,No
13676.0,770.6,80.9,0.77,347.9,2232.6,10.59,No
13624.0,761.5,78.9,22.08,233.5,1593.6,10.57,No
13786.0,760.0,79.1,0.97,305.1,2048.0,10.46,No
13619.0,770.0,80.7,1.68,374.0,1901.0,10.44,No
13410.0,752.1,74.2,2.23,268.6,1964.1,10.37,No
12469.0,751.5,79.0,8.7,129.4,1128.1,9.39,No
13920.0,772.6,71.9,13.2,81.8,1222.8,10.36,No
13421.0,763.7,80.0,2.04,422.9,1984.2,10.42,No
12860.0,757.9,77.4,26.55,238.5,2329.0,9.66,No
13889.0,781.6,75.7,1.14,331.2,1282.3,10.38,No
13766.0,767.5,80.7,1.75,327.2,1989.8,10.3,No
13286.0,748.3,70.1,6.25,264.1,1046.8,10.06,No
13651.0,755.2,79.9,5.09,271.3,1860.7,10.52,No
13347.0,765.5,80.8,1.93,299.7,1983.6,10.31,No
13771.0,763.6,76.1,8.07,215.3,1617.3,10.51,No
13443.0,761.2,78.7,3.02,212.8,1561.6,10.06,No
12478.0,773.9,76.1,27.2,100.0,2282.0,9.22,No
13240.0,757.1,80.1,41.26,150.8,2060.1,9.97,No
13910.0,766.4,75.5,8.88,198.5,1641.2,10.5,No
13681.0,761.1,76.6,32.69,186.6,1510.8,10.57,No
12867.0,757.2,71.9,1.64,62.3,1225.0,9.35,No
13937.0,764.7,71.9,24.31,177.0,1256.2,10.49,No
13676.0,762.6,76.7,15.93,247.5,1666.0,10.37,No
13828.0,761.1,72.1,28.07,144.1,1286.8,10.54,No
13770.0,761.3,78.7,1.65,335.4,1997.4,10.42,No
13511.0,761.4,72.2,27.62,198.2,1401.2,10.52,No
13238.0,776.7,78.8,23.62,146.7,1916.1,9.72,No
13872.0,780.2,72.6,10.66,130.2,1431.1,10.33,No
13619.0,766.5,79.6,0.98,385.4,1958.7,10.47,No
13540.0,756.2,79.2,2.16,371.9,1740.6,10.46,No
13792.0,750.4,80.2,13.52,180.8,1264.1,10.57,No
13822.0,761.8,78.5,1.87,295.4,1994.2,10.42,No
13772.0,760.7,70.4,23.09,143.5,1383.5,10.5,No
13706.0,753.4,79.2,6.23,196.5,2001.6,10.52,No
13688.0,768.1,74.0,11.99,252.0,1652.9,10.42,No
13056.0,758.3,73.5,4.36,63.6,1242.5,9.47,No
13502.0,747.9,79.9,0.58,249.8,1698.0,10.57,No
13831.0,755.3,78.8,9.69,165.8,1963.9,10.52,No
13668.0,751.5,79.7,13.1,194.8,1157.1,10.57,No
12032.0,756.0,69.4,44.38,86.8,1043.6,9.09,No
13812.0,763.2,78.4,15.5,229.2,1711.2,10.48,No
13298.0,744.6,80.0,0.58,263.4,1698.0,10.57,No
13782.0,752.3,79.8,14.71,182.1,1143.9,10.57,No
13631.0,754.8,69.9,4.05,234.4,1037.5,10.03,No
13854.0,762.8,80.0,3.51,310.2,1949.7,10.4,No
13601.0,754.6,76.4,2.17,316.6,1764.0,10.46,No
13400.0,757.3,80.0,1.76,368.9,1976.6,10.39,No
13826.0,757.1,80.6,4.98,209.3,1137.7,10.25,No
13828.0,751.8,80.2,20.19,167.7,1150.7,10.57,No
13581.0,779.8,76.3,1.29,380.7,2003.1,10.44,No
13669.0,760.0,79.3,2.16,404.8,1621.3,10.46,No
13612.0,751.5,74.1,9.08,265.3,1696.4,10.44,No
13650.0,750.8,80.3,12.65,202.4,1242.3,10.57,No
13604.0,752.8,79.8,1.5,254.0,1854.8,10.37,No
12682.0,743.5,79.5,2.15,332.2,1681.8,10.03,No
12704.0,754.2,74.1,4.14,50.1,1202.8,9.36,No
11932.0,737.9,80.1,54.52,114.3,1281.9,9.37,No
13522.0,755.0,80.0,9.25,260.0,1656.8,10.52,No
13706.0,768.5,75.7,22.91,242.2,1596.9,10.53,No
13725.0,762.5,80.1,4.72,384.6,1643.0,10.47,No
13096.0,755.3,71.8,32.21,190.7,1292.3,10.52,No
13639.0,752.7,79.4,5.01,208.5,2034.9,10.52,No
13579.0,773.6,79.3,56.16,270.3,1868.8,10.36,No
13670.0,739.1,80.8,11.09,210.8,1389.1,10.33,No
13062.0,758.8,79.8,1.64,225.4,1752.5,9.74,No
13760.0,753.5,81.1,7.1,196.8,1901.7,10.31,No
13597.0,762.8,81.1,53.92,286.4,1861.4,10.23,No
13653.0,765.1,73.2,7.76,266.8,1790.0,10.37,No
13812.0,764.7,70.9,22.78,159.6,1361.9,10.39,No
13547.0,758.6,80.2,5.13,357.8,1777.2,10.48,No
12157.0,783.0,71.5,67.39,71.1,1225.9,10.05,No
13697.0,752.0,78.9,3.3,202.3,1913.3,10.46,No
13647.0,760.3,79.5,5.7,280.8,1898.8,10.49,No
13820.0,758.4,69.9,26.86,139.0,1227.0,10.51,No
13855.0,761.2,80.0,7.47,334.1,1776.5,10.39,No
13672.0,754.9,72.3,22.68,211.4,1579.8,10.44,No
13391.0,759.0,74.5,1.04,358.9,1271.0,10.22,No
13315.0,744.7,79.8,0.58,261.0,1737.6,10.57,No
12398.0,744.2,69.6,9.22,125.8,976.8,9.06,No
13561.0,755.5,79.8,1.53,225.7,1905.2,10.33,No
13264.0,757.6,78.4,3.0,388.8,1790.7,10.4,No
13712.0,776.5,69.7,10.54,219.7,1634.5,10.46,No
13502.0,756.7,69.9,28.59,142.7,1095.2,10.49,No
12580.0,752.0,73.1,2.84,53.1,1218.8,9.18,No
13652.0,760.6,79.4,25.16,206.3,1592.0,10.57,No
13138.0,750.7,80.2,1.5,175.8,1856.9,9.96,No
13634.0,757.1,74.0,9.52,263.6,1536.4,10.43,No
13697.0,752.1,79.4,17.08,174.9,1136.5,10.57,No
13884.0,753.9,79.4,37.7,198.8,971.8,10.34,No
13549.0,764.3,79.6,5.6,310.0,1781.5,10.49,No
13655.0,765.1,80.8,4.54,314.3,1699.6,10.51,No
13816.0,752.8,70.0,22.72,138.7,1563.7,10.5,No
11752.0,734.8,73.7,26.73,124.0,1106.2,9.04,No
13847.0,764.2,80.4,2.98,317.7,1829.5,10.41,No
13388.0,747.6,79.9,8.18,242.9,1124.9,10.17,No
13096.0,752.6,80.0,1.44,147.4,1783.2,9.97,No
13902.0,760.6,72.1,29.35,148.9,1227.6,10.52,No
13664.0,757.4,79.3,2.16,423.3,1690.7,10.46,No
13920.0,763.1,80.6,1.38,300.8,1862.7,10.46,No
13824.0,760.6,76.9,16.38,279.3,1824.1,10.39,No
13349.0,761.8,80.8,1.79,311.4,2075.1,10.43,No
13365.0,756.1,79.8,1.5,214.5,1843.7,10.06,No
13542.0,756.2,79.6,5.3,358.6,1801.7,10.37,No
13468.0,761.6,80.0,3.15,410.9,2020.4,10.41,No
13698.0,761.7,76.9,38.33,173.5,1432.1,10.57,No
13852.0,758.2,78.8,3.82,233.5,1908.8,10.46,No
13046.0,748.0,79.6,1.52,139.6,1721.7,9.83,No
13702.0,756.9,79.9,1.98,329.4,1922.6,10.44,No
13788.0,765.9,71.3,27.55,159.2,1290.3,10.49,No
13285.0,757.1,72.4,0.94,295.5,1231.7,10.16,No
12008.0,772.2,81.0,17.7,157.2,1434.8,9.09,No
12479.0,758.9,69.7,7.71,141.2,908.2,9.12,No
12287.0,739.4,75.3,2.87,50.5,1285.0,9.17,No
13476.0,755.7,79.1,2.16,390.6,1785.2,10.46,No
13664.0,762.5,80.7,1.9,308.1,1927.2,10.31,No
13651.0,753.7,77.8,3.78,266.4,1998.8,10.46,No
12479.0,773.7,79.7,30.16,140.8,1709.0,9.29,No
13583.0,766.4,79.8,0.99,423.2,1698.6,10.45,No
13646.0,756.0,79.9,3.52,294.5,1893.8,10.51,No
13698.0,756.9,79.3,1.67,232.6,1977.8,10.36,No
11288.0,731.5,71.9,25.76,112.6,1088.7,8.74,No
14061.0,767.7,77.3,13.25,284.2,1191.4,10.5,No
13924.0,765.2,76.4,17.24,199.3,1653.4,10.44,No
13813.0,753.4,80.3,12.61,195.2,1264.4,10.57,No
13540.0,756.4,77.1,32.51,166.5,1423.7,10.57,No
13075.0,758.0,79.6,0.99,408.4,2021.9,10.46,No
13763.0,755.7,80.1,4.89,229.7,1928.1,10.53,No
13565.0,767.1,76.6,1.77,369.7,1746.6,10.44,No
13890.0,762.7,80.0,4.27,292.4,1846.5,10.49,No
13405.0,760.8,76.2,18.57,233.9,1687.2,10.52,No
13416.0,760.0,80.1,4.64,307.8,1671.4,10.49,No
13631.0,761.6,79.0,1.34,276.1,1900.2,10.39,No
13332.0,754.0,74.1,6.01,219.3,1465.0,10.37,No
13385.0,753.1,77.9,13.85,223.3,1234.6,10.57,No
13670.0,758.6,79.2,1.46,300.8,2108.8,10.46,No
13285.0,757.0,78.3,6.53,276.1,1667.8,10.48,No
13245.0,755.3,78.7,43.2,134.1,1884.4,9.71,No
12689.0,764.7,71.8,28.1,138.4,1890.1,9.43,No
13741.0,759.1,79.2,10.16,264.9,1635.2,10.5,No
13641.0,754.1,79.8,4.92,238.1,1909.1,10.52,No
13566.0,758.8,75.6,2.03,307.2,1989.5,10.39,No
13848.0,774.5,78.3,1.0,440.2,1902.2,10.57,No
13650.0,757.0,79.8,1.38,261.6,1740.6,10.3,No
13708.0,754.7,81.2,7.24,182.1,2064.6,10.34,No
13744.0,751.3,80.3,16.69,180.2,1122.8,10.57,No
13530.0,758.2,75.2,12.99,189.7,1607.3,10.57,No
13187.0,755.0,78.0,3.72,295.8,1706.4,10.48,No
13413.0,752.5,78.9,8.88,198.3,1015.2,9.91,No
12517.0,749.8,78.1,65.4,136.1,1080.8,9.11,No
13201.0,763.1,80.8,1.9,278.5,1900.7,10.24,No
13672.0,764.7,80.6,4.28,338.1,1723.2,10.51,No
13863.0,762.7,79.1,2.67,262.3,1891.9,10.45,No
13762.0,760.8,71.0,19.59,163.9,1406.3,10.44,No
13828.0,757.2,80.5,5.43,288.8,1984.4,10.57,No
13817.0,763.5,78.8,15.19,239.9,1693.8,10.45,No
12975.0,749.7,80.0,39.16,147.0,1256.6,9.89,No
12741.0,743.1,81.4,52.47,128.9,1268.3,9.87,No
12512.0,751.0,81.3,2.18,159.8,1453.4,9.58,No
13440.0,754.3,78.8,6.67,197.7,1018.3,9.88,No
13598.0,758.6,80.1,1.27,278.3,2031.2,10.46,No
13374.0,758.5,71.5,32.58,183.9,1325.9,10.52,No
13865.0,758.6,72.3,25.39,137.1,1263.5,10.52,No
13048.0,757.2,78.5,1.99,276.1,1194.3,9.8,No
13705.0,752.1,80.7,6.97,184.4,2047.9,10.25,No
13625.0,762.4,75.8,13.56,215.8,1484.9,10.57,No
13344.0,764.5,79.7,1.01,459.6,1927.6,10.43,No
13836.0,762.7,77.0,28.61,194.0,1545.4,10.57,No
13501.0,754.2,70.9,12.67,111.4,1179.0,10.26,No
13829.0,768.6,75.8,8.24,243.5,1913.1,10.41,No
12093.0,745.7,79.9,43.9,134.8,1203.7,9.35,No
13693.0,762.3,79.1,0.91,429.1,2031.8,10.46,No
12233.0,753.8,78.5,37.19,63.9,1828.3,8.82,No
13690.0,754.4,79.8,3.59,210.9,1956.0,10.52,No
12575.0,753.3,75.8,35.15,68.5,1852.2,9.2,No
12792.0,740.8,77.7,1.56,229.0,1702.6,9.94,No
13845.0,770.0,79.5,1.26,343.1,1930.1,10.46,No
13374.0,755.3,72.8,28.03,188.7,1395.5,10.52,No
13814.0,751.8,79.8,22.16,159.0,1140.9,10.57,No
13071.0,768.4,80.4,16.13,216.1,1904.5,9.54,No
13851.0,760.9,72.3,21.67,185.5,1324.1,10.53,No
13687.0,757.0,79.8,3.75,285.3,1854.0,10.51,No
13917.0,761.3,72.1,33.82,134.2,1267.7,10.5,No
12981.0,754.2,80.2,1.65,215.9,2066.4,10.06,No
13704.0,750.2,80.1,10.66,219.3,1292.4,10.57,No
13396.0,756.2,77.1,10.42,255.1,1665.5,10.49,No
13744.0,752.1,80.4,3.45,214.2,1644.5,10.43,No
13090.0,746.1,80.2,1.49,180.6,1756.2,9.91,No
13424.0,754.2,78.3,0.84,310.3,2144.3,10.39,No
13431.0,747.1,80.2,0.58,274.5,1699.4,10.57,No
13839.0,764.0,70.0,26.39,139.2,1279.9,10.5,No
13789.0,750.5,80.1,11.42,180.7,1269.9,10.57,No
13329.0,756.8,79.6,1.66,294.9,1774.9,10.01,No
13682.0,769.7,70.6,11.3,179.0,1144.9,10.57,No
13028.0,753.9,79.9,38.41,137.3,2034.5,9.55,No
13509.0,784.1,79.3,31.65,310.9,1904.0,10.19,No
13738.0,755.5,79.5,4.77,240.7,1932.8,10.52,No
13679.0,757.1,78.2,0.83,407.1,1626.4,10.49,No
13609.0,757.5,71.0,14.03,98.6,1095.7,10.14,No
13984.0,779.3,79.2,1.26,409.2,1819.2,10.59,No
13305.0,765.0,81.1,1.52,203.2,1977.9,10.07,No
13707.0,760.8,76.0,4.21,256.7,2041.8,10.55,No
13817.0,759.6,76.4,10.95,187.0,1705.3,10.52,No
13671.0,762.3,77.8,0.85,359.0,2136.1,10.56,No
13466.0,747.0,80.2,0.58,256.2,1721.9,10.57,No
13716.0,762.3,78.4,1.99,387.3,1879.3,10.44,No
13801.0,781.2,82.2,13.18,242.0,1049.7,10.41,No
13673.0,763.9,72.0,21.5,192.4,1493.2,10.48,No
13728.0,756.0,76.9,12.15,156.4,1689.5,10.57,No
13805.0,760.2,78.8,0.91,432.2,2357.1,10.46,No
13731.0,763.9,76.7,11.95,255.5,1697.5,10.38,No
13479.0,745.0,80.8,16.49,186.2,1298.6,10.06,No
13364.0,763.6,80.1,0.74,378.2,2070.5,10.59,No
13221.0,751.5,74.9,1.79,247.4,1097.2,9.97,No
13917.0,759.5,71.5,35.84,134.8,1231.2,10.5,No
12242.0,747.0,69.7,40.16,110.2,1041.2,9.06,No
13420.0,759.7,80.2,5.33,308.3,1814.9,10.49,No
12791.0,778.2,81.0,9.03,202.8,1436.1,9.32,No
12939.0,757.5,80.1,1.49,247.0,1838.0,9.89,No
13717.0,765.8,78.1,1.77,355.9,1763.7,10.44,No
13723.0,768.5,75.7,7.97,255.9,1841.9,10.37,No
13870.0,765.7,77.8,15.04,242.5,1665.6,10.46,No
13900.0,764.5,76.1,18.61,191.1,1681.8,10.42,No
13086.0,735.1,76.3,3.25,204.8,1648.5,10.45,No
12765.0,744.5,70.1,12.84,106.2,927.1,9.57,No
13772.0,752.5,79.9,14.97,168.5,1135.1,10.57,No
13695.0,760.4,79.6,6.13,232.8,1910.4,10.52,No
13830.0,765.4,71.0,27.93,168.4,1305.3,10.55,No
13615.0,755.8,80.2,4.46,256.0,1986.1,10.52,No
13360.0,773.5,76.0,29.43,183.2,2129.5,9.82,No
13766.0,766.0,81.6,57.05,285.1,2130.6,10.28,No
13806.0,756.4,79.7,1.69,231.2,1972.4,10.34,No
12991.0,761.4,78.1,53.45,108.0,1128.0,9.64,No
14069.0,767.3,69.7,37.58,118.1,1165.6,10.5,No
13315.0,759.0,74.1,7.95,75.3,1203.2,9.73,No
13805.0,761.8,70.5,25.98,153.6,1173.6,10.36,No
12315.0,749.3,73.9,50.4,45.4,1782.5,9.14,No
13752.0,754.3,72.0,15.96,310.7,597.4,10.3,No
13295.0,743.9,79.6,8.05,226.8,1231.4,10.24,No
13707.0,759.0,79.2,11.81,241.6,1607.0,10.52,No
10103.0,726.7,67.9,31.7,77.4,1054.6,7.79,No
13704.0,759.8,79.4,40.89,169.6,1405.8,10.57,No
13854.0,761.5,72.3,23.59,161.4,1377.5,10.52,No
12390.0,757.3,76.3,35.18,63.2,1882.5,9.18,No
13414.0,765.5,80.3,0.75,373.1,2115.1,10.6,No
12895.0,735.1,80.5,10.67,125.7,1213.2,9.62,No
13680.0,761.8,79.7,6.29,272.7,2002.5,10.52,No
13326.0,745.0,80.0,0.58,282.9,1698.9,10.57,No
13950.0,763.0,77.5,11.76,251.2,1700.7,10.5,No
13906.0,764.5,81.1,3.02,240.2,1799.3,10.46,No
13761.0,755.2,79.5,17.23,169.5,1059.0,10.57,No
13606.0,761.0,76.6,2.57,350.6,1596.6,10.36,No
13886.0,769.9,75.6,5.72,278.7,1766.0,10.47,No
13567.0,764.2,80.0,1.43,263.1,1819.6,10.49,No
13627.0,756.8,75.3,19.11,158.6,1517.3,10.57,No
13350.0,749.8,79.1,10.69,203.2,1016.7,9.94,No
13686.0,762.7,78.4,1.84,220.0,1997.1,10.08,No
13593.0,763.7,79.5,0.94,334.9,2121.9,10.46,No
13895.0,757.0,80.0,9.55,184.8,1850.4,10.52,No
12619.0,752.0,76.1,3.89,152.4,1201.8,9.34,No
13738.0,766.7,71.4,27.4,184.7,1318.0,10.48,No
12076.0,746.9,79.7,45.33,124.2,1199.6,9.35,No
12540.0,746.9,80.0,50.05,116.6,1224.4,9.52,No
13571.0,763.5,78.5,1.84,197.6,1999.7,10.11,No
13515.0,769.8,80.3,23.98,258.9,1937.8,9.98,No
13300.0,759.6,79.8,1.61,183.8,1896.4,10.04,No
13741.0,759.6,78.7,3.1,272.8,1989.8,10.46,No
12321.0,757.1,80.9,38.59,116.5,1359.9,9.42,No
13905.0,766.8,76.6,7.09,193.4,1779.7,10.5,No
13814.0,762.7,71.0,20.97,154.1,1409.4,10.44,No
13905.0,763.9,72.3,25.35,178.1,1274.1,10.49,No
13786.0,759.5,72.3,22.87,168.4,1310.6,10.47,No
13663.0,755.9,80.1,4.48,275.2,1909.0,10.52,No
12658.0,764.9,79.1,25.75,123.2,1819.3,9.3,No
13322.0,753.1,71.6,6.5,67.6,1228.2,9.63,No
13798.0,761.4,72.1,23.06,174.9,1322.5,10.52,No
13805.0,755.9,80.4,6.58,215.0,1944.5,10.54,No
13608.0,758.0,79.1,1.79,304.3,2101.6,10.46,No
13076.0,767.2,77.3,70.87,131.1,1003.6,9.67,No
12900.0,779.1,80.1,20.53,199.6,2253.1,9.42,No
13704.0,757.5,77.9,0.89,386.3,1558.6,10.33,No
13750.0,757.8,79.3,28.91,183.5,1507.1,10.57,No
13324.0,753.0,77.7,4.81,289.8,1748.6,10.48,No
13559.0,761.1,79.1,2.03,407.3,1888.5,10.44,No
13438.0,756.5,78.2,2.19,315.9,2236.4,10.46,No
13830.0,759.3,77.8,2.9,240.7,1954.3,10.44,No
13605.0,758.3,77.4,30.92,181.9,1508.4,10.57,No
13807.0,750.5,80.1,13.57,173.8,1322.7,10.57,No
13850.0,768.9,78.4,4.47,272.2,1735.0,10.46,No
13880.0,759.1,72.0,24.82,145.7,1262.0,10.52,No
12333.0,742.0,77.6,14.66,108.8,1321.5,9.67,No
13609.0,753.9,80.3,5.08,246.6,1970.1,10.52,No
13884.0,748.1,81.0,9.3,183.6,1388.5,10.47,No
13777.0,754.2,79.0,9.47,164.5,2008.6,10.52,No
13796.0,750.6,79.8,20.81,166.2,1142.7,10.57,No
13484.0,754.4,71.8,23.72,209.0,1496.7,10.52,No
13889.0,759.3,76.3,16.49,229.5,1048.4,10.29,No
13755.0,756.6,79.2,27.74,179.3,1420.3,10.57,No
13645.0,756.1,80.4,1.76,256.5,2064.7,10.52,No
13010.0,748.4,79.8,1.52,157.0,1719.8,9.82,No
13507.0,763.0,72.3,9.96,83.1,1176.0,9.6,No
12572.0,752.0,74.0,5.17,44.2,1200.4,9.23,No
13698.0,761.4,78.8,2.16,396.6,1634.7,10.46,No
13911.0,769.8,71.5,7.77,314.9,1571.2,10.31,No
13620.0,757.3,79.9,1.29,310.6,1921.9,10.5,No
13712.0,748.6,79.9,11.0,201.4,1386.7,10.57,No
13990.0,754.3,79.4,11.02,159.0,1977.8,10.36,No
13755.0,752.1,80.1,15.05,189.0,1137.3,10.57,No
13791.0,761.6,77.8,1.2,316.5,2122.6,10.4,No
13848.0,763.4,71.3,24.7,151.7,1313.7,10.4,No
13231.0,754.5,71.9,6.95,212.5,1449.8,10.36,No
13834.0,760.2,72.2,21.42,186.0,1295.1,10.53,No
12502.0,760.5,76.3,38.04,101.8,1183.1,9.02,No
12806.0,748.7,78.8,4.38,312.1,1850.9,10.47,No
13701.0,753.2,80.2,14.63,184.8,1123.8,10.57,No
13677.0,749.5,80.4,11.96,200.9,1210.8,10.57,No
13733.0,762.2,72.4,22.66,186.6,1393.7,10.53,No
13057.0,748.5,79.3,11.48,126.6,1111.4,9.65,No
13791.0,749.6,79.9,20.67,159.3,1157.4,10.57,No
13885.0,753.3,78.5,14.96,181.5,1787.2,10.52,No
12884.0,755.9,79.3,26.85,174.9,1894.6,9.83,No
13366.0,755.9,74.0,23.52,198.1,1504.1,10.53,No
13819.0,761.9,79.9,7.95,244.1,1940.0,10.52,No
13436.0,747.9,79.8,0.68,269.4,1685.3,10.57,No
13701.0,752.2,79.3,3.8,177.8,1514.2,10.42,No
13164.0,755.2,78.2,5.22,273.8,1726.8,10.48,No
13650.0,757.5,80.1,5.79,273.5,2022.8,10.52,No
13210.0,747.4,71.7,5.72,205.5,1550.6,10.36,No
12935.0,749.3,70.3,9.79,110.1,965.8,9.44,No
13831.0,766.5,71.2,28.95,155.7,1341.4,10.52,No
13731.0,752.0,79.9,9.12,229.5,1349.3,10.57,No
12882.0,757.0,79.0,30.26,130.8,1773.0,9.41,No
13648.0,767.1,78.8,1.96,343.6,2009.3,10.48,No
13908.0,764.6,72.3,25.49,176.0,1328.1,10.49,No
12544.0,775.4,81.5,9.83,212.4,1452.9,9.23,No
13331.0,761.0,80.0,32.96,154.6,1992.4,9.68,No
13627.0,755.7,79.8,3.33,289.9,1906.2,10.51,No
13327.0,763.6,80.1,1.39,234.5,1756.6,10.03,No
13449.0,763.5,77.9,1.36,359.3,1803.9,10.12,No
11599.0,736.4,75.0,24.16,104.1,821.8,8.85,No
13633.0,757.8,79.9,2.02,338.7,1894.1,10.45,No
13899.0,769.1,71.9,8.07,304.6,1183.8,10.45,No
12376.0,763.0,76.9,20.81,144.6,2473.2,9.38,No
13642.0,757.7,79.8,1.76,333.8,1885.3,10.47,No
12905.0,755.8,79.2,27.43,168.9,1866.0,9.82,No
13732.0,765.3,76.9,4.7,325.9,1621.6,10.24,No
13468.0,762.4,72.3,7.28,77.9,1193.8,9.63,No
13391.0,755.0,71.8,26.06,179.7,1427.1,10.52,No
13126.0,762.2,79.6,28.96,131.4,2005.4,9.5,No
13739.0,744.3,80.9,13.09,190.3,1330.7,10.47,No
13690.0,764.0,74.2,24.33,250.1,1557.5,10.35,No
13071.0,746.0,80.1,1.49,186.5,1860.3,9.91,No
13098.0,749.4,79.9,1.5,138.4,1807.5,9.97,No
13852.0,759.3,69.9,29.65,128.3,1275.6,10.51,No
13058.0,750.7,80.3,1.5,164.7,1788.7,9.97,No
13459.0,772.5,80.7,19.89,210.7,1433.3,9.94,No
13409.0,756.4,79.9,1.67,312.5,2017.0,10.36,No
12969.0,759.9,78.7,24.56,174.5,1859.8,9.77,No
13577.0,766.8,78.5,54.51,299.3,1863.4,10.36,No
13791.0,771.3,80.1,2.13,336.0,1684.2,10.44,No
13914.0,758.2,78.0,12.17,200.6,1598.7,10.52,No
12525.0,748.4,72.9,2.32,56.7,1157.9,9.15,No
12691.0,747.3,77.2,3.62,313.1,1837.3,10.47,No
13808.0,760.7,78.8,0.91,425.6,2336.6,10.46,No
13861.0,765.8,70.9,25.65,143.1,1283.8,10.41,No
13588.0,759.9,76.4,15.33,196.1,1568.9,10.57,No
13830.0,772.0,73.4,9.61,259.9,1753.1,10.46,No
13878.0,756.2,79.7,9.16,184.1,1841.7,10.52,No
12757.0,754.8,72.3,2.25,55.2,1189.4,9.29,No
13158.0,767.5,72.4,57.03,193.1,1001.1,10.08,No
13288.0,757.2,79.4,1.81,236.9,1971.8,9.98,No
13854.0,761.2,76.7,16.28,268.9,1896.8,10.4,No
3381.0,756.0,35.0,2.14,172.2,843.9,7.43,No
13549.0,755.5,79.0,8.18,255.1,1621.2,10.5,No
12916.0,758.8,79.2,35.83,83.4,1888.6,9.35,No
12142.0,750.0,78.7,2.47,313.1,1651.1,10.52,No
13646.0,756.5,78.9,11.96,250.6,1537.1,10.5,No
13723.0,755.6,77.2,4.62,252.9,1886.1,10.46,No
13500.0,765.0,77.8,1.34,348.2,1827.3,10.12,No
13752.0,769.9,77.8,1.26,356.6,1952.2,10.46,No
13601.0,754.6,79.9,1.49,243.3,2062.4,10.52,No
13546.0,756.5,80.2,1.7,317.6,1841.1,10.28,No
13528.0,757.3,79.6,42.79,219.2,2106.3,10.1,No
13028.0,755.6,80.3,1.43,264.0,1853.5,9.95,No
13180.0,755.6,71.6,2.79,73.0,1237.0,9.59,No
13234.0,755.6,71.7,0.99,302.1,1195.9,10.13,No
13862.0,762.0,81.4,4.12,306.9,2048.0,10.57,No
14068.0,765.6,79.2,4.37,227.7,1908.1,10.48,No
11931.0,754.9,74.2,43.2,48.0,1723.3,8.66,No
13355.0,763.4,80.4,30.79,156.9,1996.2,9.64,No
13126.0,753.8,79.3,51.38,132.2,1279.6,10.16,No
13462.0,747.7,80.4,0.58,270.6,1679.8,10.57,No
12914.0,768.3,79.1,28.89,127.1,1808.6,9.46,No
13885.0,756.8,80.7,5.78,224.5,2060.3,10.49,No
12244.0,739.3,81.0,19.31,90.6,1343.8,9.61,No
12829.0,753.3,78.7,39.18,103.5,1879.8,9.31,No
13490.0,757.3,79.5,2.19,331.7,2157.3,10.46,No
13719.0,752.5,78.8,17.8,162.5,1113.5,10.57,No
10921.0,753.5,78.7,2.14,125.1,1346.8,8.56,No
12968.0,759.3,78.7,24.87,172.2,1872.8,9.78,No
13844.0,765.2,70.7,25.61,148.4,1252.6,10.41,No
12675.0,750.2,70.4,6.06,157.9,977.4,9.15,No
13756.0,763.5,80.8,1.76,346.3,2063.0,10.46,No
13476.0,753.4,77.6,0.94,372.9,1597.5,10.18,No
13487.0,747.7,78.2,10.49,298.2,1773.5,10.49,No
13628.0,762.6,76.5,12.98,214.2,1481.1,10.57,No
13410.0,760.7,76.0,18.33,237.5,1657.4,10.52,No
12668.0,749.1,69.6,4.57,138.9,970.8,9.25,No
12835.0,765.8,77.2,64.21,122.6,1085.0,9.26,No
13270.0,758.7,78.0,26.94,192.3,1824.7,9.78,No
12598.0,766.5,72.0,28.54,118.9,2034.0,9.32,No
13415.0,754.7,80.8,6.28,331.1,1657.8,10.52,No
13024.0,766.8,80.1,16.18,231.2,1850.7,9.52,No
13564.0,747.5,80.0,2.19,226.7,1724.6,10.57,No
13757.0,758.2,72.0,25.78,160.7,1350.4,10.54,No
13382.0,757.1,79.0,0.92,400.2,1937.5,10.46,No
13476.0,748.2,78.2,10.14,304.4,1780.1,10.49,No
13827.0,774.5,78.0,1.03,452.0,1832.8,10.57,No
13414.0,777.4,79.2,23.57,283.3,1831.8,10.15,No
13635.0,759.4,80.6,2.04,340.3,1866.3,10.54,No
13445.0,760.6,71.9,35.11,183.8,1311.2,10.52,No
13768.0,770.6,79.8,2.07,334.6,1819.5,10.44,No
13833.0,762.3,77.8,9.45,257.2,1597.1,10.5,No
13431.0,761.9,79.7,3.91,300.5,1993.4,10.49,No
13003.0,754.9,77.0,57.47,149.4,1331.0,10.11,No
13386.0,754.5,71.9,36.13,174.4,1261.1,10.52,No
12330.0,746.6,79.0,11.15,129.1,1074.9,9.39,No
12721.0,753.5,79.5,1.8,229.8,1981.9,9.93,No
13124.0,753.8,78.0,3.42,288.5,1745.2,10.48,No
13741.0,756.1,81.3,5.2,231.5,2038.3,10.52,No
13653.0,751.3,79.6,1.68,248.4,1667.9,10.57,No
13823.0,763.8,70.4,25.19,156.1,1323.9,10.41,No
11911.0,752.9,80.6,1.63,280.2,2008.6,9.68,No
13927.0,757.0,80.6,30.84,226.6,1088.1,10.4,No
13263.0,762.7,79.4,0.98,417.2,2069.4,10.46,No
13693.0,757.9,79.2,10.11,269.9,1637.1,10.5,No
11848.0,736.8,80.1,54.23,101.5,1314.2,9.32,No
13530.0,758.0,71.5,18.52,191.9,1525.5,10.42,No
13557.0,758.3,74.9,2.18,326.3,1790.0,10.46,No
13843.0,768.7,78.8,1.89,376.3,1686.6,10.44,No
13507.0,755.9,80.9,2.77,328.6,1888.4,10.47,No
13212.0,754.6,80.8,39.85,171.4,1670.5,9.76,No
13765.0,762.8,76.8,16.24,291.1,1880.2,10.4,No
13429.0,753.7,78.6,1.62,155.4,1883.9,10.46,No
13623.0,737.6,80.6,10.82,204.7,1135.1,10.32,No
13830.0,755.6,79.3,9.58,170.6,1821.1,10.52,No
13880.0,764.7,70.6,26.27,148.7,1278.4,10.56,No
13779.0,756.8,80.3,0.98,273.5,1859.2,10.27,No
12165.0,740.2,69.9,16.2,85.2,868.0,8.95,No
13825.0,762.7,78.0,41.25,178.0,1415.5,10.57,No
13710.0,752.8,76.4,9.96,186.8,1832.0,10.52,No
12961.0,754.4,79.2,2.14,141.3,1285.9,9.68,No
13295.0,759.5,79.8,1.61,187.7,1923.8,10.04,No
12360.0,759.8,81.1,1.67,290.3,2006.9,9.76,No
13280.0,751.3,70.1,30.65,139.1,1363.5,10.49,No
13631.0,756.9,78.1,2.34,204.0,1693.2,10.43,No
13635.0,760.2,76.7,12.24,258.1,1850.0,10.47,No
13657.0,757.0,79.3,2.16,418.3,1697.9,10.46,No
13635.0,762.1,80.1,9.22,311.6,1696.1,10.49,No
13979.0,763.6,80.1,5.41,277.4,1817.6,10.49,No
13512.0,757.4,79.3,5.12,350.3,1822.7,10.37,No
13707.0,749.2,79.5,13.43,159.9,1334.9,10.57,No
13800.0,761.9,78.5,4.17,267.1,1721.5,10.54,No
13124.0,751.2,72.0,2.5,111.4,1316.9,9.48,No
13926.0,760.6,73.5,28.57,133.7,1338.6,10.49,No
13611.0,756.1,79.8,3.15,299.4,1894.2,10.5,No
13911.0,764.1,81.2,3.4,263.7,1815.0,10.46,No
13469.0,761.2,80.1,3.23,413.7,1989.3,10.41,No
13651.0,758.2,79.9,18.51,170.8,1140.9,10.57,No
14094.0,767.8,76.3,10.18,166.3,1656.6,10.52,No
13067.0,754.5,78.1,59.78,156.4,1120.6,9.9,No
13683.0,755.5,79.9,1.5,258.1,1820.7,10.45,No
13785.0,752.0,79.8,21.43,171.8,1079.6,10.57,No
13899.0,764.5,76.2,17.09,199.9,1682.1,10.42,No
13691.0,757.0,80.0,7.06,333.9,1801.5,10.38,No
13849.0,762.0,75.9,6.24,244.2,1818.8,10.46,No
13718.0,764.1,76.6,4.7,337.4,1620.3,10.25,No
13718.0,752.1,79.3,3.75,181.1,1551.7,10.42,No
12230.0,750.5,70.4,2.91,183.0,982.4,8.97,No
13736.0,764.8,81.0,2.2,354.0,1891.0,10.56,No
11283.0,761.5,81.2,29.36,95.9,1348.7,8.39,No
13472.0,755.5,73.7,2.88,84.6,1269.7,9.71,No
12297.0,760.8,81.1,39.96,84.0,1896.0,9.08,No
13637.0,755.8,79.9,3.47,291.8,1899.6,10.51,No
13455.0,759.3,73.6,8.42,72.9,1253.5,9.78,No
13730.0,757.5,78.6,2.09,314.5,1400.2,10.44,No
13620.0,759.8,73.8,16.93,219.7,1544.4,10.54,No
13143.0,757.5,78.7,1.77,357.1,1993.0,10.49,No
13315.0,748.3,80.6,8.36,250.6,1128.0,10.14,No
13853.0,762.2,72.5,26.72,146.3,1301.3,10.49,No
12850.0,733.5,80.9,9.78,173.4,1189.6,9.78,No
13826.0,763.8,72.3,27.37,140.4,1333.8,10.49,No
12235.0,756.2,80.9,41.11,84.0,1875.3,9.1,No
12856.0,750.1,69.5,3.76,146.9,987.3,9.37,No
12739.0,764.1,79.4,30.96,91.3,2042.8,9.22,No
13004.0,743.3,73.7,1.66,190.7,1209.1,9.64,No
13642.0,769.1,81.1,3.46,386.7,1598.6,10.55,No
13903.0,754.9,78.2,7.87,228.2,1603.8,10.48,No
12627.0,757.2,80.7,2.14,173.1,1448.2,9.6,No
12249.0,744.4,78.7,13.49,127.7,1123.6,9.39,No
13211.0,755.9,72.8,0.82,248.6,1187.5,10.24,No
13530.0,759.2,77.8,1.37,298.7,1780.2,10.1,No
13688.0,757.1,78.2,0.84,403.4,1533.4,10.49,No
11968.0,752.0,80.9,40.1,95.1,1384.7,9.27,No
13872.0,764.8,74.2,15.55,260.9,1606.8,10.34,No
13541.0,760.3,78.9,0.96,332.5,2032.8,10.46,No
11434.0,739.2,80.6,2.16,254.5,1218.4,9.3,No
13009.0,751.4,80.4,1.36,276.4,1908.6,10.02,No
13673.0,762.5,79.1,2.02,393.6,1871.8,10.44,No
12899.0,742.6,80.2,2.72,133.4,1664.4,9.94,No
11153.0,754.3,79.0,2.15,125.1,1348.2,8.55,No
13812.0,769.7,80.9,1.89,337.5,2191.5,10.58,No
13127.0,757.6,78.5,1.83,363.0,1963.6,10.49,No
13342.0,758.6,75.8,17.97,234.4,1653.1,10.51,No
13681.0,750.9,80.5,16.09,179.2,1138.1,10.57,No
13314.0,745.7,80.7,17.9,253.7,1082.3,10.1,No
13834.0,763.3,77.0,17.59,278.4,1840.4,10.4,No
13791.0,759.1,75.1,16.76,217.5,1415.7,10.52,No
13736.0,765.6,80.0,4.04,388.5,1674.8,10.47,No
12899.0,765.4,78.9,22.21,163.7,1882.9,9.74,No
12514.0,746.2,78.4,1.52,239.3,1216.7,9.78,No
13682.0,772.1,77.5,1.91,363.1,2017.5,10.54,No
12623.0,749.3,70.4,6.94,158.4,1058.2,9.13,No
13573.0,761.5,78.7,0.96,325.5,2147.0,10.46,No
13857.0,769.2,80.7,2.43,301.2,2182.0,10.36,No
10941.0,746.3,70.3,5.49,118.9,1088.2,8.06,No
12728.0,777.3,81.0,10.5,195.0,1434.5,9.36,No
11789.0,751.8,78.0,37.89,100.6,1134.4,8.59,No
13703.0,753.4,80.1,14.68,187.2,1115.9,10.57,No
13775.0,764.4,78.1,15.81,233.7,1672.9,10.48,No
11274.0,762.1,81.1,28.42,94.7,1313.4,8.39,No
13295.0,772.5,80.3,1.5,278.0,1989.4,10.14,No
13391.0,756.8,80.0,1.89,362.9,1968.7,10.42,No
13287.0,752.8,76.7,1.0,391.9,1377.2,10.15,No
12596.0,744.8,69.0,2.89,207.8,1033.0,9.13,No
13750.0,767.1,77.6,2.43,338.3,1841.1,10.55,No
13329.0,753.3,74.0,15.63,204.4,1253.9,10.57,No
12602.0,743.2,76.4,4.41,307.9,1762.5,10.47,No
13904.0,759.6,77.9,12.79,198.9,1705.1,10.52,No
13704.0,760.5,77.8,30.71,184.4,1403.7,10.57,No
13281.0,757.6,76.1,2.04,178.0,1355.5,9.65,No
13885.0,758.6,80.2,10.31,180.4,1827.0,10.52,No
12769.0,763.4,78.2,21.73,147.8,1785.2,9.24,No
12981.0,754.2,80.0,1.41,253.0,1856.4,9.97,No
13703.0,761.7,78.1,17.27,241.5,1675.6,10.54,No
13644.0,751.3,81.5,15.08,255.3,1099.5,10.1,No
13806.0,759.0,80.1,12.11,210.8,1336.9,10.57,No
12797.0,743.9,80.9,39.16,154.2,1319.6,9.75,No
13645.0,759.5,78.0,5.97,244.4,1735.6,10.51,No
13350.0,751.0,74.5,7.77,204.2,1698.7,10.34,No
13553.0,761.0,76.5,4.21,375.9,1736.5,10.4,No
13037.0,757.7,79.9,1.55,222.9,1715.1,9.83,No
13681.0,755.1,72.3,22.89,214.8,1622.4,10.44,No
13267.0,749.4,78.2,7.75,269.8,1637.1,10.49,No
13075.0,756.9,80.2,1.47,166.1,1921.7,9.83,No
13082.0,762.5,78.6,26.3,172.2,1881.9,9.72,No
13821.0,765.7,71.6,10.71,248.7,1633.1,10.26,No
12983.0,769.6,80.7,20.01,195.2,1950.3,9.39,No
13255.0,767.2,78.3,58.59,107.9,979.8,9.53,No
13775.0,766.7,71.6,6.59,329.6,1182.9,10.43,No
13789.0,757.7,71.8,21.92,223.1,1528.7,10.42,No
13089.0,770.0,79.0,29.45,138.7,1822.1,9.57,No
13244.0,758.1,79.2,36.59,119.7,1896.8,9.71,No
13657.0,756.6,77.3,43.0,162.1,1306.1,10.57,No
13675.0,764.3,81.9,2.21,370.3,2075.0,10.4,No
12565.0,746.1,74.2,6.61,49.5,1256.6,9.22,No
13477.0,747.7,80.4,0.58,261.8,1717.9,10.57,No
13074.0,752.9,80.7,39.94,154.5,1740.4,9.57,No
13702.0,759.6,78.4,32.4,175.5,1439.5,10.57,No
13553.0,756.5,80.0,3.18,321.6,1893.8,10.47,No
13768.0,760.1,76.6,5.67,247.1,1707.9,10.46,No
13674.0,757.3,80.0,5.48,263.0,2015.1,10.52,No
13591.0,755.1,78.8,10.18,262.8,1646.6,10.52,No
13457.0,762.6,76.7,27.57,250.3,1533.2,10.35,No
10806.0,748.4,78.9,2.14,123.7,1347.2,8.58,No
13599.0,761.7,79.2,13.05,263.5,1747.9,10.57,No
13488.0,756.6,80.1,1.96,358.3,1946.5,10.44,No
13349.0,763.6,80.0,0.74,383.1,2049.5,10.59,No
13820.0,765.9,71.6,9.28,253.0,1713.0,10.27,No
13434.0,753.4,73.1,6.45,87.4,1236.2,9.95,No
13446.0,758.2,80.6,1.82,332.3,2064.2,10.44,No
13345.0,747.7,72.6,4.53,223.6,1698.0,10.34,No
13178.0,761.1,81.4,7.77,140.5,1386.4,9.79,No
12363.0,753.5,74.0,36.3,74.3,1716.1,8.99,No
12946.0,760.4,78.1,1.12,344.0,1870.4,10.58,No
12489.0,737.1,79.2,18.17,138.6,1110.2,9.71,No
13694.0,749.3,79.7,15.78,176.7,1103.3,10.57,No
13420.0,755.1,77.4,2.53,331.0,1901.6,10.32,No
13285.0,752.9,78.2,2.19,289.9,2151.6,10.46,No
13859.0,767.3,79.7,1.26,329.3,1940.6,10.46,No
13859.0,768.1,79.7,1.26,326.1,1926.2,10.46,No
13621.0,763.6,80.1,9.33,306.8,1692.8,10.49,No
11441.0,738.6,80.2,2.22,234.5,1202.4,9.34,No
13509.0,747.6,79.9,0.58,251.2,1696.4,10.57,No
12281.0,749.0,70.6,7.4,92.9,986.8,8.9,No
13990.0,755.0,79.8,8.9,179.8,1988.0,10.37,No
13817.0,758.2,79.0,7.44,269.0,1985.7,10.61,No
13470.0,756.5,77.3,1.7,240.7,2034.7,10.52,No
13536.0,757.6,72.0,18.76,218.3,1556.3,10.46,No
13808.0,761.7,78.0,28.66,187.3,1536.1,10.57,No
13761.0,763.1,80.1,7.4,284.6,1873.3,10.49,No
13765.0,753.8,78.7,7.44,172.4,1979.8,10.52,No
13552.0,761.4,79.8,4.07,403.0,1962.0,10.41,No
13446.0,761.5,80.9,4.47,162.6,1329.5,9.86,No
13730.0,763.8,77.0,2.92,224.7,1835.4,10.46,No
13838.0,761.8,70.6,23.88,152.2,1207.8,10.45,No
13552.0,760.6,71.7,34.83,183.7,1241.0,10.52,No
13368.0,751.5,74.2,0.8,274.1,1957.3,10.37,No
13544.0,753.8,70.9,13.33,114.9,1172.9,10.28,No
13475.0,756.9,71.9,24.93,195.5,1443.0,10.43,No
13449.0,749.9,81.5,7.4,224.9,2073.2,10.3,No
13755.0,752.5,79.7,15.84,176.8,1113.1,10.57,No
13803.0,768.6,77.9,5.14,250.5,1767.0,10.46,No
13836.0,762.8,72.1,21.48,201.2,1477.9,10.47,No
13813.0,763.2,71.8,6.23,341.2,1442.8,10.47,No
13516.0,757.9,71.8,24.99,193.4,1530.1,10.46,No
12564.0,759.1,80.8,1.73,239.9,2005.3,9.87,No
13871.0,760.7,71.6,22.61,149.4,1490.6,10.43,No
13666.0,758.3,80.0,7.74,336.4,1907.9,10.38,No
13703.0,769.2,70.7,27.55,178.5,1233.7,10.55,No
12649.0,765.2,75.8,32.17,71.4,1910.3,9.09,No
13120.0,757.5,79.8,1.84,362.6,2021.4,10.26,No
13929.0,758.8,77.9,12.57,177.9,1106.2,10.41,No
1509.0,651.1,21.9,1.0,0.3,16.5,2.2,No
13668.0,763.1,77.8,0.85,363.4,2091.9,10.56,No
13316.0,763.2,79.3,0.98,416.1,1994.8,10.46,No
13400.0,760.5,79.7,1.52,156.6,1823.7,9.91,No
13466.0,764.0,76.1,20.88,208.4,1562.6,10.51,No
13683.0,745.2,80.3,13.28,201.7,1261.6,10.57,No
13764.0,760.4,70.4,22.84,141.5,1392.1,10.5,No
12040.0,745.4,70.3,3.0,148.2,1040.5,9.02,No
12886.0,754.8,80.8,3.48,188.7,1139.4,9.39,No
14115.0,765.9,79.8,9.22,241.7,1710.3,10.5,No
13724.0,756.1,70.1,23.18,147.5,1353.5,10.51,No
13382.0,756.7,80.0,1.89,366.0,2003.6,10.42,No
13493.0,764.3,71.6,8.15,404.0,1544.4,10.63,No
13248.0,753.6,79.0,31.59,188.5,1785.6,9.81,No
13395.0,744.7,80.4,0.58,234.8,1704.9,10.57,No
13779.0,754.6,79.7,14.2,177.7,1149.7,10.57,No
11981.0,738.9,80.1,50.94,117.2,1273.3,9.37,No
13506.0,756.7,79.8,1.77,371.1,1959.0,10.4,No
13625.0,762.3,78.5,1.84,213.7,1963.6,10.1,No
13698.0,763.8,78.1,4.45,272.1,2110.5,10.52,No
13018.0,750.6,79.7,1.34,266.8,1872.0,10.04,No
13484.0,748.5,77.6,5.66,194.4,1713.0,10.34,No
14013.0,771.6,76.7,8.51,238.4,1940.5,10.46,No
13025.0,760.7,73.1,6.15,63.9,1240.6,9.25,No
13905.0,761.2,78.8,3.35,295.2,1882.0,10.43,No
13867.0,761.0,71.5,26.08,172.4,1303.9,10.49,No
13837.0,756.4,79.2,3.7,220.6,1933.1,10.46,No
13775.0,753.0,80.2,3.4,218.6,1666.9,10.43,No
12474.0,761.0,78.6,27.66,117.0,1785.3,8.96,No
13743.0,758.2,72.0,20.49,219.3,1547.7,10.42,No
13816.0,759.8,80.6,1.05,272.4,1786.7,10.44,No
13812.0,759.5,71.6,23.38,150.8,1333.8,10.48,No
13727.0,757.0,77.0,6.13,269.7,1843.5,10.5,No
13879.0,765.4,71.2,27.61,148.2,1245.0,10.56,No
13103.0,750.3,80.3,1.84,197.6,1888.0,10.03,No
13059.0,754.4,79.7,1.52,196.9,1920.4,9.94,No
13928.0,776.4,78.7,2.29,303.3,2049.7,10.46,No
13808.0,758.4,76.7,15.69,154.5,1677.9,10.57,No
13848.0,756.6,80.2,7.42,199.2,1927.9,10.53,No
11268.0,733.2,71.8,24.62,112.3,1096.7,8.81,No
12366.0,762.8,77.5,34.34,81.6,1890.5,8.88,No
13682.0,750.0,79.6,14.29,177.6,1161.1,10.57,No
13718.0,758.0,78.1,0.85,399.5,1607.7,10.46,No
13627.0,757.3,76.4,2.17,339.3,1580.9,10.46,No
13000.0,747.2,70.0,2.46,228.0,1017.4,9.58,No
13745.0,754.8,80.7,0.99,248.7,1829.6,10.44,No
13012.0,757.7,80.1,1.51,225.6,1849.3,9.87,No
13469.0,747.6,79.6,0.57,256.0,1692.4,10.57,No
13734.0,756.9,80.3,1.75,259.4,2041.1,10.52,No
13725.0,766.8,77.8,1.69,352.3,1807.3,10.44,No
13804.0,759.1,75.0,25.35,103.5,1143.4,10.34,No
13621.0,756.3,79.9,10.75,241.4,1568.9,10.52,No
13704.0,750.4,80.6,16.59,176.4,1081.9,10.57,No
13904.0,765.1,76.4,17.4,201.2,1554.3,10.44,No
13636.0,752.0,79.9,1.75,248.4,1704.0,10.57,No
13864.0,764.6,72.2,23.58,178.3,1236.1,10.48,No
13131.0,753.7,79.5,58.1,125.8,1144.5,10.01,No
12323.0,725.5,73.3,37.54,143.4,950.2,9.83,No
12165.0,754.2,80.8,32.35,98.4,1426.5,9.23,No
13610.0,756.2,79.8,3.01,299.0,1945.1,10.5,No
13945.0,759.3,80.5,3.64,208.7,1868.9,10.46,No
12038.0,735.8,79.2,61.43,129.9,1191.1,9.36,No
12909.0,764.1,80.9,1.56,266.9,2027.4,9.85,No
11599.0,749.5,80.8,39.15,114.9,1298.9,9.14,No
13897.0,764.1,76.3,20.52,129.6,1542.9,10.57,No
13286.0,754.0,71.8,24.18,194.0,1405.8,10.52,No
13579.0,757.8,79.8,1.16,323.3,1906.7,10.49,No
12669.0,761.0,78.0,26.5,108.5,1798.4,9.09,No
13715.0,768.5,78.7,3.18,372.6,1759.3,10.44,No
13266.0,760.7,80.7,5.19,133.6,1366.1,9.84,No
13768.0,763.9,79.3,4.57,294.8,1724.5,10.52,No
13435.0,760.5,79.9,3.03,407.8,2029.9,10.41,No
13589.0,761.2,72.3,6.56,248.9,1729.9,10.51,No
13639.0,762.8,80.0,2.19,358.4,2105.3,10.46,No
13840.0,763.2,69.9,26.3,139.9,1262.0,10.5,No
13729.0,758.8,79.2,10.09,268.2,1573.9,10.5,No
13282.0,749.2,72.3,9.52,210.3,1630.6,10.57,No
13847.0,764.7,78.9,1.72,320.2,1922.3,10.42,No
13746.0,764.8,81.6,2.19,361.4,2172.8,10.4,No
13066.0,752.7,80.0,1.5,175.8,1779.4,9.96,No
12620.0,744.7,69.7,7.63,120.4,1002.9,9.26,No
12130.0,749.5,78.8,9.2,124.9,1057.8,9.32,No
13230.0,752.5,78.7,5.21,290.4,1876.9,10.47,No
13950.0,771.7,77.8,1.56,301.7,1581.3,10.44,No
12935.0,760.0,71.1,8.38,64.8,1250.8,9.57,No
13028.0,747.6,80.8,10.17,75.7,1323.8,9.7,No
12308.0,742.7,73.7,7.9,56.0,1259.5,9.1,No
13697.0,762.3,72.3,9.92,364.1,1492.9,10.52,No
12412.0,758.8,76.3,33.79,63.5,1921.2,9.14,No
13653.0,751.0,80.3,3.07,228.8,1714.1,10.57,No
13614.0,767.5,75.0,3.14,401.5,1698.0,10.49,No
13465.0,753.9,77.7,1.81,281.0,1688.2,10.49,No
13948.0,761.0,79.6,2.25,211.7,1998.9,10.48,No
13780.0,749.6,80.1,13.77,176.6,1256.6,10.57,No
13031.0,765.4,80.7,2.08,201.9,1369.2,9.64,No
13306.0,767.9,79.3,32.47,207.7,1827.3,10.0,No
13828.0,757.0,80.8,5.08,223.1,2071.2,10.5,No
12653.0,756.5,72.8,3.21,51.1,1226.6,9.2,No
13770.0,754.6,78.6,8.59,177.1,1917.4,10.52,No
13064.0,748.4,79.7,1.52,134.7,1705.4,9.83,No
12446.0,759.9,78.0,27.18,95.7,1802.7,9.09,No
13642.0,754.2,79.7,3.63,232.2,1950.6,10.52,No
11671.0,749.4,80.8,2.53,217.6,1201.1,9.22,No
13094.0,768.5,76.6,73.93,125.2,1006.5,9.54,No
13716.0,759.1,78.4,3.29,285.7,2039.7,10.46,No
13389.0,754.8,77.3,33.29,186.1,1537.3,10.57,No
12175.0,748.8,79.0,2.69,306.2,1679.4,10.52,No
13793.0,753.8,79.4,10.12,239.7,1384.0,10.57,No
13931.0,762.0,71.8,18.43,218.9,1412.4,10.48,No
13207.0,756.5,76.6,5.2,324.0,1826.0,10.47,No
13024.0,756.4,80.2,1.48,260.0,1849.2,9.91,No
12354.0,739.1,70.2,20.64,114.1,959.5,9.34,No
13792.0,752.2,79.6,12.13,181.2,1191.0,10.57,No
13203.0,752.1,72.0,8.85,221.4,1391.8,10.57,No
13688.0,760.5,77.7,5.61,356.5,1763.9,10.4,No
13113.0,763.7,73.0,6.33,59.1,1204.7,9.3,No
13765.0,752.7,79.9,9.49,236.2,1344.0,10.57,No
13614.0,758.7,79.7,1.28,299.7,1601.4,10.57,No
13503.0,761.6,77.7,4.55,283.3,1751.7,10.51,No
13653.0,758.7,79.7,0.9,331.4,1883.3,10.47,No
13871.0,763.2,80.0,7.36,324.1,1773.7,10.39,No
14018.0,761.2,78.4,6.75,259.9,2023.3,10.6,No
13680.0,757.3,78.8,12.16,256.2,1547.2,10.5,No
12781.0,756.2,78.4,36.13,89.3,1835.5,9.34,No
13597.0,759.6,77.2,4.68,366.9,1726.9,10.4,No
13725.0,765.0,79.9,3.78,373.6,1954.5,10.49,No
13849.0,762.4,72.2,23.61,161.6,1378.8,10.52,No
12000.0,780.7,81.4,18.24,123.7,1410.5,8.78,No
13891.0,772.0,71.6,26.91,212.3,1046.3,10.52,No
13771.0,752.8,79.9,9.37,229.0,1409.7,10.57,No
13567.0,756.0,78.2,7.5,288.2,1595.9,10.47,No
12619.0,764.0,79.7,23.75,121.7,1835.8,9.13,No
12354.0,752.5,70.5,4.41,168.7,965.0,8.94,No
11508.0,738.4,79.9,2.28,234.3,1185.3,9.39,No
13298.0,756.8,80.0,1.84,273.6,1921.2,10.28,No
13791.0,758.9,78.9,10.58,253.8,1657.5,10.51,No
13725.0,756.4,70.2,23.51,148.3,1386.4,10.51,No
13663.0,758.9,79.4,7.31,244.3,1259.9,10.57,No
13719.0,764.9,77.6,1.27,378.9,1667.5,10.15,No
13744.0,757.2,79.4,26.96,180.9,1437.9,10.57,No
12601.0,755.7,80.5,2.15,170.9,1415.7,9.6,No
13872.0,767.5,72.4,6.75,347.3,1433.8,10.43,No
13048.0,750.2,72.7,3.61,83.7,1187.1,9.58,No
12929.0,767.8,80.9,1.57,322.8,2027.9,9.73,No
13333.0,759.2,75.9,18.18,231.3,1618.9,10.51,No
13892.0,760.6,76.8,13.05,219.0,1457.8,10.52,No
13909.0,759.2,77.9,12.48,199.8,1661.9,10.52,No
13347.0,753.6,71.8,24.69,197.9,1401.7,10.52,No
13734.0,762.9,76.8,12.02,257.5,1756.6,10.38,No
13709.0,756.0,81.2,5.26,240.9,2044.3,10.52,No
13795.0,759.5,80.1,4.53,252.3,1877.2,10.52,No
13464.0,752.1,74.1,2.23,262.1,2015.0,10.37,No
13602.0,759.8,76.4,15.13,198.8,1590.8,10.57,No
13707.0,755.6,78.7,2.15,205.4,1794.6,10.44,No
13734.0,776.8,69.5,11.03,220.1,1534.2,10.46,No
13894.0,758.9,81.0,6.9,287.4,2021.0,10.62,No
13795.0,751.8,80.2,20.2,164.8,1115.4,10.57,No
13597.0,757.2,78.8,10.17,258.9,1694.7,10.52,No
13648.0,760.9,73.9,2.18,320.7,1684.1,10.46,No
13904.0,761.3,72.2,27.28,186.7,1475.5,10.52,No
13584.0,754.5,79.2,10.35,247.8,1628.4,10.51,No
13752.0,753.8,80.2,11.45,218.1,1181.7,10.57,No
13885.0,762.1,77.6,0.97,276.2,1877.7,10.46,No
13699.0,766.8,77.8,1.32,365.8,1731.3,10.13,No
13089.0,741.7,79.6,16.06,220.0,1603.0,10.26,No
13822.0,760.7,76.5,7.53,228.1,2028.8,10.52,No
12134.0,741.9,80.8,13.49,98.2,1423.0,9.62,No
12765.0,745.8,79.0,10.25,175.8,1273.6,9.67,No
13771.0,759.7,79.0,0.97,303.8,2078.2,10.46,No
13189.0,745.0,78.3,5.51,192.0,2003.3,10.4,No
13872.0,764.8,78.4,30.16,209.8,1545.8,10.57,No
13713.0,756.7,79.6,10.89,166.6,1104.5,10.24,No
13190.0,746.4,79.9,1.44,161.6,1703.5,9.87,No
13825.0,752.9,77.6,3.96,190.5,1479.2,10.42,No
13805.0,753.5,78.7,10.1,199.1,1374.5,10.38,No
12856.0,756.9,71.6,63.38,141.2,1086.0,9.82,No
13589.0,752.6,80.1,2.68,256.5,1687.1,10.57,No
13443.0,755.2,77.0,33.98,182.1,1522.4,10.57,No
12224.0,756.5,79.2,38.87,63.1,1990.5,8.78,No
12803.0,753.9,73.8,60.75,140.6,1061.9,9.78,No
13368.0,749.9,74.2,6.52,205.8,1674.4,10.33,No
13890.0,752.9,80.6,32.72,239.4,1059.0,10.4,No
13654.0,759.9,79.5,41.3,165.7,1392.2,10.57,No
13709.0,752.7,80.3,11.02,231.8,1198.9,10.57,No
13358.0,763.9,77.7,49.61,164.7,1033.6,10.18,No
13915.0,763.1,71.8,24.61,178.9,1294.6,10.49,No
12630.0,753.2,81.0,10.41,112.8,1369.4,9.64,No
12570.0,740.8,81.3,11.78,77.2,1399.8,9.65,No
13914.0,772.2,75.1,10.45,235.2,1533.0,10.46,No
13785.0,754.0,78.9,9.43,165.7,1899.2,10.52,No
12449.0,759.1,80.5,34.22,71.5,2035.4,9.15,No
13498.0,783.7,79.3,31.14,318.9,1946.1,10.19,No
13765.0,754.3,80.0,11.09,198.2,1248.8,10.57,No
13766.0,754.0,79.0,6.82,179.6,2007.8,10.52,No
13823.0,750.7,80.1,11.63,199.1,1272.2,10.57,No
13286.0,757.0,80.1,1.87,382.0,1980.9,10.41,No
13807.0,754.0,78.9,9.51,170.2,1956.0,10.52,No
13900.0,764.5,76.2,17.78,194.7,1665.1,10.42,No
13533.0,764.0,79.3,3.77,308.7,1739.0,10.5,No
13601.0,752.2,80.3,1.87,242.0,2076.4,10.52,No
13085.0,764.9,81.0,1.56,258.5,2034.3,9.92,No
13603.0,761.0,75.9,3.86,382.6,1744.0,10.39,No
12702.0,742.5,70.2,13.78,108.0,956.9,9.64,No
14073.0,766.3,79.1,4.84,224.3,1906.8,10.48,No
13533.0,762.6,80.9,1.75,316.2,2158.1,10.43,No
12503.0,766.5,81.4,1.59,267.2,2030.2,9.61,No
13758.0,762.3,71.8,23.83,161.8,1417.3,10.52,No
13724.0,759.6,75.0,8.23,200.8,1850.0,10.33,No
13288.0,753.6,77.1,7.43,151.9,1004.3,9.85,No
12168.0,741.3,81.2,44.59,101.0,1370.4,9.4,No
13392.0,756.5,79.9,1.68,321.8,1981.9,10.36,No
12765.0,744.0,80.7,52.46,126.5,1284.5,9.88,No
13073.0,749.8,78.8,5.14,289.8,1950.2,10.47,No
12186.0,736.3,78.1,25.45,113.7,1043.8,9.63,No
13273.0,758.3,75.3,24.62,197.8,1396.0,10.57,No
13716.0,752.4,79.4,3.39,201.9,1932.2,10.46,No
12071.0,755.7,79.4,6.22,135.0,1152.7,9.29,No
13714.0,756.0,78.1,17.23,201.8,1488.8,10.57,No
13602.0,760.5,79.6,1.24,325.7,1651.9,10.57,No
13630.0,755.3,76.4,2.17,333.5,1713.5,10.46,No
13337.0,747.5,73.6,9.09,204.8,1708.0,10.57,No
12678.0,749.6,70.1,4.77,151.8,1030.1,9.17,No
13699.0,766.9,70.6,27.38,181.6,1258.1,10.55,No
12718.0,740.4,81.0,18.55,103.2,1275.9,9.87,No
13724.0,761.7,77.8,1.63,356.1,1920.3,10.44,No
13986.0,756.2,80.5,8.79,192.1,1970.9,10.38,No
12931.0,749.1,72.2,1.85,82.1,1193.0,9.62,No
13683.0,759.0,80.3,4.56,355.9,1724.4,10.48,No
11840.0,751.3,80.8,1.62,277.0,1971.0,9.66,No
13115.0,756.4,72.4,2.68,68.0,1193.7,9.61,No
12068.0,752.7,69.6,1.72,188.0,1010.7,8.89,No
13831.0,762.8,81.0,2.71,327.6,2006.6,10.46,No
12148.0,741.0,73.4,7.78,43.4,1174.7,9.16,No
13615.0,764.6,78.9,8.74,302.7,1711.6,10.49,No
13897.0,758.4,78.4,25.55,204.5,972.2,10.31,No
13376.0,755.0,79.9,1.68,315.7,2009.0,10.36,No
13709.0,759.4,69.8,21.84,150.2,1372.3,10.5,No
13658.0,762.0,78.0,16.38,249.3,1678.3,10.54,No
12384.0,759.2,80.7,1.68,295.1,2022.9,9.78,No
11972.0,769.0,77.2,1.17,323.2,1906.9,10.58,No
13842.0,761.7,70.5,23.96,144.6,1312.9,10.45,No
13766.0,762.9,78.0,16.01,231.0,1660.7,10.48,No
12153.0,752.6,78.9,8.94,132.7,1099.6,9.31,No
12958.0,743.7,80.3,3.28,125.4,1701.7,9.94,No
13985.0,761.9,79.3,1.77,203.7,1994.0,10.49,No
13632.0,757.4,78.3,2.27,203.3,1672.8,10.43,No
13400.0,759.0,73.8,3.16,294.3,1831.1,10.41,No
13285.0,752.6,73.6,3.8,279.4,1618.6,10.38,No
13756.0,751.5,79.9,15.62,170.7,1191.7,10.57,No
13213.0,763.0,78.7,25.67,190.1,1849.0,9.71,No
13230.0,752.7,72.3,9.24,247.1,1409.6,10.57,No
12964.0,745.9,74.3,1.59,253.2,1641.6,10.13,No
11985.0,742.9,69.7,2.83,128.1,998.7,8.99,No
13716.0,757.8,78.6,12.29,262.9,1527.1,10.5,No
13033.0,760.2,78.9,3.19,235.2,1142.5,9.7,No
13633.0,757.7,79.5,11.87,237.0,1567.7,10.52,No
13179.0,762.2,79.0,49.31,109.4,1084.3,9.64,No
13711.0,757.1,79.6,17.77,187.5,1084.2,10.57,No
13618.0,758.5,75.4,6.6,346.3,1201.9,10.28,No
12412.0,757.5,76.1,34.34,63.4,1903.0,9.15,No
14029.0,768.0,80.5,1.87,314.7,1924.6,10.49,No
13758.0,764.1,70.6,26.01,164.4,1050.4,10.5,No
13921.0,762.7,78.6,2.84,292.7,1863.1,10.43,No
12887.0,765.2,80.0,22.32,161.6,1880.2,9.18,No
13588.0,772.5,73.5,98.08,156.8,1129.0,10.29,No
13615.0,747.7,80.1,3.79,249.6,1715.2,10.57,No
13408.0,763.5,72.3,7.6,414.1,1512.2,10.56,No
13242.0,763.1,79.8,0.98,408.5,1999.5,10.46,No
12880.0,757.9,80.3,2.9,226.8,1096.0,9.4,No
13804.0,762.7,71.9,21.9,161.0,1329.0,10.47,No
12853.0,746.1,78.3,2.14,126.2,980.3,9.57,No
13566.0,753.2,80.7,0.99,213.1,1786.2,10.36,No
